Workbook

Sheet Summary
A1: CONSOLIDATED PORTFOLIO SUMMARY – ALL MANAGED ACCOUNTS
A2: Built 09.10.2026 from 4 statements. All market values at NSE/BSE close of 08.10.2026 (Prices sheet); statement-reported values kept alongside for reconciliation.
A5: Portfolio | B5: Broker | C5: Holdings as of | D5: Statement price basis | E5: # Holdings | F5: Invested (₹) | G5: Market Value (₹) | H5: Unrealised P&L (₹) | I5: P&L % | J5: Share of Combined MV | K5: Stmt Invested (₹) | L5: Stmt Market Value (₹) | M5: Repricing Impact (₹)
A6: Vidushi Malhotra | B6: Zerodha | C6: 04.10.2026 (+ trades of 05.10.2026) | D6: LTP 05.10.2026 | E6: =COUNTIFS('Vidushi Malhotra'!$D$7:$D$300,">0",'Vidushi Malhotra'!$B$7:$B$300,"<>Cash*") -> 12 | F6: ='Vidushi Malhotra'!E6 -> 201361 | G6: ='Vidushi Malhotra'!H6 -> 225002.24 | H6: =G6-F6 -> 23641.24 | I6: =IF(F6>0,H6/F6,"") -> 0.11740724 | J6: =IF($G$10=0,"",G6/$G$10) -> 0.015841766 | K6: 201361 | L6: 230319 | M6: =G6-L6 -> -5316.76
A7: Dr Umesh Choudhry | B7: ICICI Direct | C7: 04.10.2026 + trades of 09.10.2026 | D7: NSE live 09.10.2026 ~09:45 IST | E7: =COUNTIFS('Dr Umesh Choudhry'!$D$7:$D$300,">0",'Dr Umesh Choudhry'!$B$7:$B$300,"<>Cash*") -> 20 | F7: ='Dr Umesh Choudhry'!E6 -> 5222229 | G7: ='Dr Umesh Choudhry'!H6 -> 5427487 | H7: =G7-F7 -> 205257.97 | I7: =IF(F7>0,H7/F7,"") -> 0.039304667 | J7: =IF($G$10=0,"",G7/$G$10) -> 0.38213389 | K7: 5222229 | L7: 5467267.2 | M7: =G7-L7 -> -39780.26
A8: Gautam | B8: HDFC Securities | C8: 05.10.2026 | D8: 05.10.2026 | E8: =COUNTIFS(Gautam!$D$7:$D$300,">0",Gautam!$B$7:$B$300,"<>Cash*") -> 32 | F8: =Gautam!E6 -> 5000486 | G8: =Gautam!H6 -> 4672678.1 | H8: =G8-F8 -> -327807.88 | I8: =IF(F8>0,H8/F8,"") -> -0.065555204 | J8: =IF($G$10=0,"",G8/$G$10) -> 0.32898995 | K8: 5000484.7 | L8: 4762080 | M8: =G8-L8 -> -89401.88
A9: DA | B9: HDFC Securities + Kotak Securities | C9: Post 12.09.2026 trades (file dated 04.10.2026) | D9: As on statement (date not printed) | E9: =COUNTIFS(DA!$D$7:$D$300,">0",DA!$B$7:$B$300,"<>Cash*") -> 53 | F9: =DA!E6 -> 4364996 | G9: =DA!H6 -> 3877935.6 | H9: =G9-F9 -> -487060.36 | I9: =IF(F9>0,H9/F9,"") -> -0.11158323 | J9: =IF($G$10=0,"",G9/$G$10) -> 0.2730344 | K9: 4364995 | L9: 4141021 | M9: =G9-L9 -> -263085.36
A10: COMBINED (ALL 4) | B10: Zerodha + ICICI Direct + HDFC Securities + HDFC Securities + Kotak Securities | E10: ='Side by Side'!E6 -> 66 | F10: =SUM(F6:F9) -> 14789072 | G10: =SUM(G6:G9) -> 14203103 | H10: =SUM(H6:H9) -> -585969.03 | I10: =IF(F10>0,H10/F10,"") -> -0.039621758 | J10: =SUM(J6:J9) -> 1 | K10: =SUM(K6:K9) -> 14789070 | L10: =SUM(L6:L9) -> 14600687 | M10: =SUM(M6:M9) -> -397584.26
L11: Statement totals as printed on each statement (inputs).
A13: TOP 10 COMBINED EXPOSURES – weight in each portfolio
A14: Rank | B14: Security | C14: Combined MV (₹) | D14: Combined Weight | E14: Vidushi Malhotra | F14: Dr Umesh Choudhry | G14: Gautam | H14: DA | I14: Held in (# a/cs)
A15: 1 | B15: =INDEX('Side by Side'!$B$7:$B$73,MATCH(C15,'Side by Side'!$I$7:$I$73,0)) -> Bajaj Finance Ltd | C15: =LARGE('Side by Side'!$I$7:$I$73,A15) -> 4886816.4 | D15: =INDEX('Side by Side'!$L$7:$L$73,MATCH(C15,'Side by Side'!$I$7:$I$73,0)) -> 0.34406681 | E15: =INDEX('Side by Side'!$S$7:$S$73,MATCH(C15,'Side by Side'!$I$7:$I$73,0)) -> 0.51408355 | F15: =INDEX('Side by Side'!$Z$7:$Z$73,MATCH(C15,'Side by Side'!$I$7:$I$73,0)) -> 0.42482855 | G15: =INDEX('Side by Side'!$AG$7:$AG$73,MATCH(C15,'Side by Side'!$I$7:$I$73,0)) -> 0.34042593 | H15: =INDEX('Side by Side'!$AN$7:$AN$73,MATCH(C15,'Side by Side'!$I$7:$I$73,0)) -> 0.22555667 | I15: =INDEX('Side by Side'!$E$7:$E$73,MATCH(C15,'Side by Side'!$I$7:$I$73,0)) -> 4
A16: 2 | B16: =INDEX('Side by Side'!$B$7:$B$73,MATCH(C16,'Side by Side'!$I$7:$I$73,0)) -> Titan Company Ltd | C16: =LARGE('Side by Side'!$I$7:$I$73,A16) -> 1225019.5 | D16: =INDEX('Side by Side'!$L$7:$L$73,MATCH(C16,'Side by Side'!$I$7:$I$73,0)) -> 0.086250132 | E16: =INDEX('Side by Side'!$S$7:$S$73,MATCH(C16,'Side by Side'!$I$7:$I$73,0)) -> 0.17437826 | F16: =INDEX('Side by Side'!$Z$7:$Z$73,MATCH(C16,'Side by Side'!$I$7:$I$73,0)) -> 0.13815491 | G16: =INDEX('Side by Side'!$AG$7:$AG$73,MATCH(C16,'Side by Side'!$I$7:$I$73,0)) -> 0.038252046 | H16: =INDEX('Side by Side'!$AN$7:$AN$73,MATCH(C16,'Side by Side'!$I$7:$I$73,0)) -> 0.066326655 | I16: =INDEX('Side by Side'!$E$7:$E$73,MATCH(C16,'Side by Side'!$I$7:$I$73,0)) -> 4
A17: 3 | B17: =INDEX('Side by Side'!$B$7:$B$73,MATCH(C17,'Side by Side'!$I$7:$I$73,0)) -> Poonawalla Fincorp Ltd | C17: =LARGE('Side by Side'!$I$7:$I$73,A17) -> 1138540 | D17: =INDEX('Side by Side'!$L$7:$L$73,MATCH(C17,'Side by Side'!$I$7:$I$73,0)) -> 0.080161356 | E17: =INDEX('Side by Side'!$S$7:$S$73,MATCH(C17,'Side by Side'!$I$7:$I$73,0)) -> 0.073955708 | F17: =INDEX('Side by Side'!$Z$7:$Z$73,MATCH(C17,'Side by Side'!$I$7:$I$73,0)) -> 0.062044387 | G17: =INDEX('Side by Side'!$AG$7:$AG$73,MATCH(C17,'Side by Side'!$I$7:$I$73,0)) -> 0.093808709 | H17: =INDEX('Side by Side'!$AN$7:$AN$73,MATCH(C17,'Side by Side'!$I$7:$I$73,0)) -> 0.089433356 | I17: =INDEX('Side by Side'!$E$7:$E$73,MATCH(C17,'Side by Side'!$I$7:$I$73,0)) -> 4
A18: 4 | B18: =INDEX('Side by Side'!$B$7:$B$73,MATCH(C18,'Side by Side'!$I$7:$I$73,0)) -> HDFC Bank Ltd | C18: =LARGE('Side by Side'!$I$7:$I$73,A18) -> 983687.25 | D18: =INDEX('Side by Side'!$L$7:$L$73,MATCH(C18,'Side by Side'!$I$7:$I$73,0)) -> 0.069258616 | E18: =INDEX('Side by Side'!$S$7:$S$73,MATCH(C18,'Side by Side'!$I$7:$I$73,0)) -> 0.064609357 | F18: =INDEX('Side by Side'!$Z$7:$Z$73,MATCH(C18,'Side by Side'!$I$7:$I$73,0)) -> 0.085837931 | G18: =INDEX('Side by Side'!$AG$7:$AG$73,MATCH(C18,'Side by Side'!$I$7:$I$73,0)) -> 0.057777894 | H18: =INDEX('Side by Side'!$AN$7:$AN$73,MATCH(C18,'Side by Side'!$I$7:$I$73,0)) -> 0.060157845 | I18: =INDEX('Side by Side'!$E$7:$E$73,MATCH(C18,'Side by Side'!$I$7:$I$73,0)) -> 4
A19: 5 | B19: =INDEX('Side by Side'!$B$7:$B$73,MATCH(C19,'Side by Side'!$I$7:$I$73,0)) -> AFCOM Holdings Ltd | C19: =LARGE('Side by Side'!$I$7:$I$73,A19) -> 687384 | D19: =INDEX('Side by Side'!$L$7:$L$73,MATCH(C19,'Side by Side'!$I$7:$I$73,0)) -> 0.048396748 | E19: =INDEX('Side by Side'!$S$7:$S$73,MATCH(C19,'Side by Side'!$I$7:$I$73,0)) -> 0 | F19: =INDEX('Side by Side'!$Z$7:$Z$73,MATCH(C19,'Side by Side'!$I$7:$I$73,0)) -> 0.063324334 | G19: =INDEX('Side by Side'!$AG$7:$AG$73,MATCH(C19,'Side by Side'!$I$7:$I$73,0)) -> 0.036776768 | H19: =INDEX('Side by Side'!$AN$7:$AN$73,MATCH(C19,'Side by Side'!$I$7:$I$73,0)) -> 0.044313783 | I19: =INDEX('Side by Side'!$E$7:$E$73,MATCH(C19,'Side by Side'!$I$7:$I$73,0)) -> 3
A20: 6 | B20: =INDEX('Side by Side'!$B$7:$B$73,MATCH(C20,'Side by Side'!$I$7:$I$73,0)) -> Connplex Cinemas Ltd | C20: =LARGE('Side by Side'!$I$7:$I$73,A20) -> 588000 | D20: =INDEX('Side by Side'!$L$7:$L$73,MATCH(C20,'Side by Side'!$I$7:$I$73,0)) -> 0.041399404 | E20: =INDEX('Side by Side'!$S$7:$S$73,MATCH(C20,'Side by Side'!$I$7:$I$73,0)) -> 0 | F20: =INDEX('Side by Side'!$Z$7:$Z$73,MATCH(C20,'Side by Side'!$I$7:$I$73,0)) -> 0.036112477 | G20: =INDEX('Side by Side'!$AG$7:$AG$73,MATCH(C20,'Side by Side'!$I$7:$I$73,0)) -> 0.041945967 | H20: =INDEX('Side by Side'!$AN$7:$AN$73,MATCH(C20,'Side by Side'!$I$7:$I$73,0)) -> 0.050542355 | I20: =INDEX('Side by Side'!$E$7:$E$73,MATCH(C20,'Side by Side'!$I$7:$I$73,0)) -> 3
A21: 7 | B21: =INDEX('Side by Side'!$B$7:$B$73,MATCH(C21,'Side by Side'!$I$7:$I$73,0)) -> Bajaj Housing Finance Ltd | C21: =LARGE('Side by Side'!$I$7:$I$73,A21) -> 441666.78 | D21: =INDEX('Side by Side'!$L$7:$L$73,MATCH(C21,'Side by Side'!$I$7:$I$73,0)) -> 0.031096499 | E21: =INDEX('Side by Side'!$S$7:$S$73,MATCH(C21,'Side by Side'!$I$7:$I$73,0)) -> 0.044172627 | F21: =INDEX('Side by Side'!$Z$7:$Z$73,MATCH(C21,'Side by Side'!$I$7:$I$73,0)) -> 0.033264699 | G21: =INDEX('Side by Side'!$AG$7:$AG$73,MATCH(C21,'Side by Side'!$I$7:$I$73,0)) -> 0.023309468 | H21: =INDEX('Side by Side'!$AN$7:$AN$73,MATCH(C21,'Side by Side'!$I$7:$I$73,0)) -> 0.036686137 | I21: =INDEX('Side by Side'!$E$7:$E$73,MATCH(C21,'Side by Side'!$I$7:$I$73,0)) -> 4
A22: 8 | B22: =INDEX('Side by Side'!$B$7:$B$73,MATCH(C22,'Side by Side'!$I$7:$I$73,0)) -> LTM Ltd (formerly LTIMindtree) | C22: =LARGE('Side by Side'!$I$7:$I$73,A22) -> 407160 | D22: =INDEX('Side by Side'!$L$7:$L$73,MATCH(C22,'Side by Side'!$I$7:$I$73,0)) -> 0.028666975 | E22: =INDEX('Side by Side'!$S$7:$S$73,MATCH(C22,'Side by Side'!$I$7:$I$73,0)) -> 0.034799654 | F22: =INDEX('Side by Side'!$Z$7:$Z$73,MATCH(C22,'Side by Side'!$I$7:$I$73,0)) -> 0.026689147 | G22: =INDEX('Side by Side'!$AG$7:$AG$73,MATCH(C22,'Side by Side'!$I$7:$I$73,0)) -> 0.050270957 | H22: =INDEX('Side by Side'!$AN$7:$AN$73,MATCH(C22,'Side by Side'!$I$7:$I$73,0)) -> 0.0050477888 | I22: =INDEX('Side by Side'!$E$7:$E$73,MATCH(C22,'Side by Side'!$I$7:$I$73,0)) -> 4
A23: 9 | B23: =INDEX('Side by Side'!$B$7:$B$73,MATCH(C23,'Side by Side'!$I$7:$I$73,0)) -> Nippon India ETF Nifty 1D Rate Liquid BeES | C23: =LARGE('Side by Side'!$I$7:$I$73,A23) -> 300000 | D23: =INDEX('Side by Side'!$L$7:$L$73,MATCH(C23,'Side by Side'!$I$7:$I$73,0)) -> 0.021122145 | E23: =INDEX('Side by Side'!$S$7:$S$73,MATCH(C23,'Side by Side'!$I$7:$I$73,0)) -> 0 | F23: =INDEX('Side by Side'!$Z$7:$Z$73,MATCH(C23,'Side by Side'!$I$7:$I$73,0)) -> 0 | G23: =INDEX('Side by Side'!$AG$7:$AG$73,MATCH(C23,'Side by Side'!$I$7:$I$73,0)) -> 0.06420301 | H23: =INDEX('Side by Side'!$AN$7:$AN$73,MATCH(C23,'Side by Side'!$I$7:$I$73,0)) -> 0 | I23: =INDEX('Side by Side'!$E$7:$E$73,MATCH(C23,'Side by Side'!$I$7:$I$73,0)) -> 1
A24: 10 | B24: =INDEX('Side by Side'!$B$7:$B$73,MATCH(C24,'Side by Side'!$I$7:$I$73,0)) -> Fineotex Chemical Ltd | C24: =LARGE('Side by Side'!$I$7:$I$73,A24) -> 287900.58 | D24: =INDEX('Side by Side'!$L$7:$L$73,MATCH(C24,'Side by Side'!$I$7:$I$73,0)) -> 0.020270259 | E24: =INDEX('Side by Side'!$S$7:$S$73,MATCH(C24,'Side by Side'!$I$7:$I$73,0)) -> 0.012442098 | F24: =INDEX('Side by Side'!$Z$7:$Z$73,MATCH(C24,'Side by Side'!$I$7:$I$73,0)) -> 0.024448939 | G24: =INDEX('Side by Side'!$AG$7:$AG$73,MATCH(C24,'Side by Side'!$I$7:$I$73,0)) -> 0.0082918359 | H24: =INDEX('Side by Side'!$AN$7:$AN$73,MATCH(C24,'Side by Side'!$I$7:$I$73,0)) -> 0.029309331 | I24: =INDEX('Side by Side'!$E$7:$E$73,MATCH(C24,'Side by Side'!$I$7:$I$73,0)) -> 4
A27: NOTES & FLAGS
A28: • Pricing: every holding is valued at the NSE/BSE close of 08.10.2026 (Screener.in daily price series), one price per security across all accounts. 'Repricing Impact' = workbook value minus each statement's own market value.
A29: ="• Securities on an exchange close: "&COUNTIF(Prices!$I$6:$I$300,"Close*")&" | on a statement price: "&COUNTIF(Prices!$I$6:$I$300,"No exchange*")&" | held in all 4 accounts: "&COUNTIF('Side by Side'!$E$7:$E$73,4) -> • Securities on an exchange close: 59 | on a statement price: 7 | held in all 4 accounts: 9
A30: • No exchange close for the 4 ETFs (Nifty 50 BeES, Gold BeES, Liquid BeES, HDFC Gold ETF), the Utkarsh SFB rights entitlement, NEPC Agro and PSL Ltd – these stay at statement price (Liquid BeES holds near ₹1,000).
A31: • Gautam: NEPC Agro Foods (144 sh) and PSL Ltd (1,000 sh) have no cost or price on the statement – shown with quantity, carried at nil value.
A32: • Names aligned across statements: LTM Ltd = LTIMindtree (DA); Connplex Cinemas = Connplex Smart Theatres (DA); AFCOM = Afcom Holdings.
A33: • Trades blended into holdings and listed on each tab: Vidushi 05.10.2026 (3 buys, ₹9,889); Dr Umesh 09.10.2026 (13 buys, ₹5.01 L, incl. new Eicher Motors and Rategain).
A34: • Dr Umesh holds ₹36,000 uninvested cash at ICICI Direct – row 'Cash – ICICI Direct' at ₹1 per unit, counted in totals but not as a holding.
A35: • Statement invested/market totals reconcile to transcribed rows within ₹2 (rupee rounding on the statements).

Sheet Side by Side
A1: SIDE-BY-SIDE HOLDINGS – COMBINED AND BY PORTFOLIO
A2: All values at the common Ref Price (Prices sheet). Sorted by combined market value at build; '-' = not held. Amber price = only a stale statement price available.
F4: COMBINED (ALL 4) | M4: VIDUSHI MALHOTRA – Zerodha | T4: DR UMESH CHOUDHRY – ICICI Direct | AA4: GAUTAM – HDFC Securities | AH4: DA – HDFC Securities + Kotak Securities
A5: # | B5: Security | C5: Ref Price (₹) | D5: Price Basis | E5: Held in (# a/cs) | F5: Qty | G5: Wtd Avg Cost (₹) | H5: Invested (₹) | I5: Mkt Value (₹) | J5: P&L (₹) | K5: P&L % | L5: Weight % | M5: Qty | N5: Wtd Avg Cost (₹) | O5: Invested (₹) | P5: Mkt Value (₹) | Q5: P&L (₹) | R5: P&L % | S5: Weight % | T5: Qty | U5: Wtd Avg Cost (₹) | V5: Invested (₹) | W5: Mkt Value (₹) | X5: P&L (₹) | Y5: P&L % | Z5: Weight % | AA5: Qty | AB5: Wtd Avg Cost (₹) | AC5: Invested (₹) | AD5: Mkt Value (₹) | AE5: P&L (₹) | AF5: P&L % | AG5: Weight % | AH5: Qty | AI5: Wtd Avg Cost (₹) | AJ5: Invested (₹) | AK5: Mkt Value (₹) | AL5: P&L (₹) | AM5: P&L % | AN5: Weight %
B6: TOTAL | E6: =COUNTIFS(E7:E73,">0",B7:B73,"<>Cash*") -> 66 | F6: =COUNTIFS(F7:F73,">0",$B7:$B73,"<>Cash*") -> 66 | H6: =SUM(H7:H73) -> 14789072 | I6: =SUM(I7:I73) -> 14203103 | J6: =I6-H6 -> -585969.03 | K6: =IF(H6>0,J6/H6,"") -> -0.039621758 | L6: =SUM(L7:L73) -> 1 | M6: =COUNTIFS(M7:M73,">0",$B7:$B73,"<>Cash*") -> 12 | O6: =SUM(O7:O73) -> 201361 | P6: =SUM(P7:P73) -> 225002.24 | Q6: =P6-O6 -> 23641.24 | R6: =IF(O6>0,Q6/O6,"") -> 0.11740724 | S6: =SUM(S7:S73) -> 1 | T6: =COUNTIFS(T7:T73,">0",$B7:$B73,"<>Cash*") -> 20 | V6: =SUM(V7:V73) -> 5222229 | W6: =SUM(W7:W73) -> 5427487 | X6: =W6-V6 -> 205257.97 | Y6: =IF(V6>0,X6/V6,"") -> 0.039304667 | Z6: =SUM(Z7:Z73) -> 1 | AA6: =COUNTIFS(AA7:AA73,">0",$B7:$B73,"<>Cash*") -> 32 | AC6: =SUM(AC7:AC73) -> 5000486 | AD6: =SUM(AD7:AD73) -> 4672678.1 | AE6: =AD6-AC6 -> -327807.88 | AF6: =IF(AC6>0,AE6/AC6,"") -> -0.065555204 | AG6: =SUM(AG7:AG73) -> 1 | AH6: =COUNTIFS(AH7:AH73,">0",$B7:$B73,"<>Cash*") -> 53 | AJ6: =SUM(AJ7:AJ73) -> 4364996 | AK6: =SUM(AK7:AK73) -> 3877935.6 | AL6: =AK6-AJ6 -> -487060.36 | AM6: =IF(AJ6>0,AL6/AJ6,"") -> -0.11158323 | AN6: =SUM(AN7:AN73) -> 1
A7: 1 | B7: Bajaj Finance Ltd | C7: =IFERROR(INDEX(Prices!$C$6:$C$300,MATCH($B7,Prices!$A$6:$A$300,0)),"") -> 955.95 | D7: =IFERROR(INDEX(Prices!$D$6:$D$300,MATCH($B7,Prices!$A$6:$A$300,0)),"") -> Close 08.10.2026 (Screener.in) | E7: =(M7>0)+(T7>0)+(AA7>0)+(AH7>0) -> 4 | F7: =M7+T7+AA7+AH7 -> 5112 | G7: =IF(AND(F7>0,H7>0),H7/F7,"") -> 915.22966 | H7: =O7+V7+AC7+AJ7 -> 4678654 | I7: =P7+W7+AD7+AK7 -> 4886816.4 | J7: =I7-H7 -> 208162.4 | K7: =IF(H7>0,J7/H7,"") -> 0.044491941 | L7: =IF(I$6=0,"",I7/I$6) -> 0.34406681 | M7: =SUMIFS('Vidushi Malhotra'!$D$7:$D$300,'Vidushi Malhotra'!$B$7:$B$300,$B7) -> 121 | N7: =IF(AND(M7>0,O7>0),O7/M7,"") -> 768 | O7: =SUMIFS('Vidushi Malhotra'!$E$7:$E$300,'Vidushi Malhotra'!$B$7:$B$300,$B7) -> 92928 | P7: =SUMIFS('Vidushi Malhotra'!$H$7:$H$300,'Vidushi Malhotra'!$B$7:$B$300,$B7) -> 115669.95 | Q7: =P7-O7 -> 22741.95 | R7: =IF(O7>0,Q7/O7,"") -> 0.24472656 | S7: =IF(P$6=0,"",P7/P$6) -> 0.51408355 | T7: =SUMIFS('Dr Umesh Choudhry'!$D$7:$D$300,'Dr Umesh Choudhry'!$B$7:$B$300,$B7) -> 2412 | U7: =IF(AND(T7>0,V7>0),V7/T7,"") -> 800.28441 | V7: =SUMIFS('Dr Umesh Choudhry'!$E$7:$E$300,'Dr Umesh Choudhry'!$B$7:$B$300,$B7) -> 1930286 | W7: =SUMIFS('Dr Umesh Choudhry'!$H$7:$H$300,'Dr Umesh Choudhry'!$B$7:$B$300,$B7) -> 2305751.4 | X7: =W7-V7 -> 375465.4 | Y7: =IF(V7>0,X7/V7,"") -> 0.19451283 | Z7: =IF(W$6=0,"",W7/W$6) -> 0.42482855 | AA7: =SUMIFS(Gautam!$D$7:$D$300,Gautam!$B$7:$B$300,$B7) -> 1664 | AB7: =IF(AND(AA7>0,AC7>0),AC7/AA7,"") -> 1016.4201 | AC7: =SUMIFS(Gautam!$E$7:$E$300,Gautam!$B$7:$B$300,$B7) -> 1691323 | AD7: =SUMIFS(Gautam!$H$7:$H$300,Gautam!$B$7:$B$300,$B7) -> 1590700.8 | AE7: =AD7-AC7 -> -100622.2 | AF7: =IF(AC7>0,AE7/AC7,"") -> -0.05949319 | AG7: =IF(AD$6=0,"",AD7/AD$6) -> 0.34042593 | AH7: =SUMIFS(DA!$D$7:$D$300,DA!$B$7:$B$300,$B7) -> 915 | AI7: =IF(AND(AH7>0,AJ7>0),AJ7/AH7,"") -> 1053.6798 | AJ7: =SUMIFS(DA!$E$7:$E$300,DA!$B$7:$B$300,$B7) -> 964117 | AK7: =SUMIFS(DA!$H$7:$H$300,DA!$B$7:$B$300,$B7) -> 874694.25 | AL7: =AK7-AJ7 -> -89422.75 | AM7: =IF(AJ7>0,AL7/AJ7,"") -> -0.092750932 | AN7: =IF(AK$6=0,"",AK7/AK$6) -> 0.22555667
A8: 2 | B8: Titan Company Ltd | C8: =IFERROR(INDEX(Prices!$C$6:$C$300,MATCH($B8,Prices!$A$6:$A$300,0)),"") -> 4359.5 | D8: =IFERROR(INDEX(Prices!$D$6:$D$300,MATCH($B8,Prices!$A$6:$A$300,0)),"") -> Close 08.10.2026 (Screener.in) | E8: =(M8>0)+(T8>0)+(AA8>0)+(AH8>0) -> 4 | F8: =M8+T8+AA8+AH8 -> 281 | G8: =IF(AND(F8>0,H8>0),H8/F8,"") -> 3928.2028 | H8: =O8+V8+AC8+AJ8 -> 1103825 | I8: =P8+W8+AD8+AK8 -> 1225019.5 | J8: =I8-H8 -> 121194.5 | K8: =IF(H8>0,J8/H8,"") -> 0.10979503 | L8: =IF(I$6=0,"",I8/I$6) -> 0.086250132 | M8: =SUMIFS('Vidushi Malhotra'!$D$7:$D$300,'Vidushi Malhotra'!$B$7:$B$300,$B8) -> 9 | N8: =IF(AND(M8>0,O8>0),O8/M8,"") -> 3160.1111 | O8: =SUMIFS('Vidushi Malhotra'!$E$7:$E$300,'Vidushi Malhotra'!$B$7:$B$300,$B8) -> 28441 | P8: =SUMIFS('Vidushi Malhotra'!$H$7:$H$300,'Vidushi Malhotra'!$B$7:$B$300,$B8) -> 39235.5 | Q8: =P8-O8 -> 10794.5 | R8: =IF(O8>0,Q8/O8,"") -> 0.3795401 | S8: =IF(P$6=0,"",P8/P$6) -> 0.17437826 | T8: =SUMIFS('Dr Umesh Choudhry'!$D$7:$D$300,'Dr Umesh Choudhry'!$B$7:$B$300,$B8) -> 172 | U8: =IF(AND(T8>0,V8>0),V8/T8,"") -> 3589.9244 | V8: =SUMIFS('Dr Umesh Choudhry'!$E$7:$E$300,'Dr Umesh Choudhry'!$B$7:$B$300,$B8) -> 617467 | W8: =SUMIFS('Dr Umesh Choudhry'!$H$7:$H$300,'Dr Umesh Choudhry'!$B$7:$B$300,$B8) -> 749834 | X8: =W8-V8 -> 132367 | Y8: =IF(V8>0,X8/V8,"") -> 0.21437097 | Z8: =IF(W$6=0,"",W8/W$6) -> 0.13815491 | AA8: =SUMIFS(Gautam!$D$7:$D$300,Gautam!$B$7:$B$300,$B8) -> 41 | AB8: =IF(AND(AA8>0,AC8>0),AC8/AA8,"") -> 4824.4878 | AC8: =SUMIFS(Gautam!$E$7:$E$300,Gautam!$B$7:$B$300,$B8) -> 197804 | AD8: =SUMIFS(Gautam!$H$7:$H$300,Gautam!$B$7:$B$300,$B8) -> 178739.5 | AE8: =AD8-AC8 -> -19064.5 | AF8: =IF(AC8>0,AE8/AC8,"") -> -0.096380761 | AG8: =IF(AD$6=0,"",AD8/AD$6) -> 0.038252046 | AH8: =SUMIFS(DA!$D$7:$D$300,DA!$B$7:$B$300,$B8) -> 59 | AI8: =IF(AND(AH8>0,AJ8>0),AJ8/AH8,"") -> 4408.6949 | AJ8: =SUMIFS(DA!$E$7:$E$300,DA!$B$7:$B$300,$B8) -> 260113 | AK8: =SUMIFS(DA!$H$7:$H$300,DA!$B$7:$B$300,$B8) -> 257210.5 | AL8: =AK8-AJ8 -> -2902.5 | AM8: =IF(AJ8>0,AL8/AJ8,"") -> -0.011158612 | AN8: =IF(AK$6=0,"",AK8/AK$6) -> 0.066326655
A9: 3 | B9: Poonawalla Fincorp Ltd | C9: =IFERROR(INDEX(Prices!$C$6:$C$300,MATCH($B9,Prices!$A$6:$A$300,0)),"") -> 437.9 | D9: =IFERROR(INDEX(Prices!$D$6:$D$300,MATCH($B9,Prices!$A$6:$A$300,0)),"") -> Close 08.10.2026 (Screener.in) | E9: =(M9>0)+(T9>0)+(AA9>0)+(AH9>0) -> 4 | F9: =M9+T9+AA9+AH9 -> 2600 | G9: =IF(AND(F9>0,H9>0),H9/F9,"") -> 465.84038 | H9: =O9+V9+AC9+AJ9 -> 1211185 | I9: =P9+W9+AD9+AK9 -> 1138540 | J9: =I9-H9 -> -72645 | K9: =IF(H9>0,J9/H9,"") -> -0.059978451 | L9: =IF(I$6=0,"",I9/I$6) -> 0.080161356 | M9: =SUMIFS('Vidushi Malhotra'!$D$7:$D$300,'Vidushi Malhotra'!$B$7:$B$300,$B9) -> 38 | N9: =IF(AND(M9>0,O9>0),O9/M9,"") -> 452.42105 | O9: =SUMIFS('Vidushi Malhotra'!$E$7:$E$300,'Vidushi Malhotra'!$B$7:$B$300,$B9) -> 17192 | P9: =SUMIFS('Vidushi Malhotra'!$H$7:$H$300,'Vidushi Malhotra'!$B$7:$B$300,$B9) -> 16640.2 | Q9: =P9-O9 -> -551.8 | R9: =IF(O9>0,Q9/O9,"") -> -0.032096324 | S9: =IF(P$6=0,"",P9/P$6) -> 0.073955708 | T9: =SUMIFS('Dr Umesh Choudhry'!$D$7:$D$300,'Dr Umesh Choudhry'!$B$7:$B$300,$B9) -> 769 | U9: =IF(AND(T9>0,V9>0),V9/T9,"") -> 451.22237 | V9: =SUMIFS('Dr Umesh Choudhry'!$E$7:$E$300,'Dr Umesh Choudhry'!$B$7:$B$300,$B9) -> 346990 | W9: =SUMIFS('Dr Umesh Choudhry'!$H$7:$H$300,'Dr Umesh Choudhry'!$B$7:$B$300,$B9) -> 336745.1 | X9: =W9-V9 -> -10244.9 | Y9: =IF(V9>0,X9/V9,"") -> -0.029525058 | Z9: =IF(W$6=0,"",W9/W$6) -> 0.062044387 | AA9: =SUMIFS(Gautam!$D$7:$D$300,Gautam!$B$7:$B$300,$B9) -> 1001 | AB9: =IF(AND(AA9>0,AC9>0),AC9/AA9,"") -> 470 | AC9: =SUMIFS(Gautam!$E$7:$E$300,Gautam!$B$7:$B$300,$B9) -> 470470 | AD9: =SUMIFS(Gautam!$H$7:$H$300,Gautam!$B$7:$B$300,$B9) -> 438337.9 | AE9: =AD9-AC9 -> -32132.1 | AF9: =IF(AC9>0,AE9/AC9,"") -> -0.068297872 | AG9: =IF(AD$6=0,"",AD9/AD$6) -> 0.093808709 | AH9: =SUMIFS(DA!$D$7:$D$300,DA!$B$7:$B$300,$B9) -> 792 | AI9: =IF(AND(AH9>0,AJ9>0),AJ9/AH9,"") -> 475.42045 | AJ9: =SUMIFS(DA!$E$7:$E$300,DA!$B$7:$B$300,$B9) -> 376533 | AK9: =SUMIFS(DA!$H$7:$H$300,DA!$B$7:$B$300,$B9) -> 346816.8 | AL9: =AK9-AJ9 -> -29716.2 | AM9: =IF(AJ9>0,AL9/AJ9,"") -> -0.078920573 | AN9: =IF(AK$6=0,"",AK9/AK$6) -> 0.089433356
A10: 4 | B10: HDFC Bank Ltd | C10: =IFERROR(INDEX(Prices!$C$6:$C$300,MATCH($B10,Prices!$A$6:$A$300,0)),"") -> 692.25 | D10: =IFERROR(INDEX(Prices!$D$6:$D$300,MATCH($B10,Prices!$A$6:$A$300,0)),"") -> Close 08.10.2026 (Screener.in) | E10: =(M10>0)+(T10>0)+(AA10>0)+(AH10>0) -> 4 | F10: =M10+T10+AA10+AH10 -> 1421 | G10: =IF(AND(F10>0,H10>0),H10/F10,"") -> 807.55735 | H10: =O10+V10+AC10+AJ10 -> 1147539 | I10: =P10+W10+AD10+AK10 -> 983687.25 | J10: =I10-H10 -> -163851.75 | K10: =IF(H10>0,J10/H10,"") -> -0.14278534 | L10: =IF(I$6=0,"",I10/I$6) -> 0.069258616 | M10: =SUMIFS('Vidushi Malhotra'!$D$7:$D$300,'Vidushi Malhotra'!$B$7:$B$300,$B10) -> 21 | N10: =IF(AND(M10>0,O10>0),O10/M10,"") -> 790.38095 | O10: =SUMIFS('Vidushi Malhotra'!$E$7:$E$300,'Vidushi Malhotra'!$B$7:$B$300,$B10) -> 16598 | P10: =SUMIFS('Vidushi Malhotra'!$H$7:$H$300,'Vidushi Malhotra'!$B$7:$B$300,$B10) -> 14537.25 | Q10: =P10-O10 -> -2060.75 | R10: =IF(O10>0,Q10/O10,"") -> -0.12415652 | S10: =IF(P$6=0,"",P10/P$6) -> 0.064609357 | T10: =SUMIFS('Dr Umesh Choudhry'!$D$7:$D$300,'Dr Umesh Choudhry'!$B$7:$B$300,$B10) -> 673 | U10: =IF(AND(T10>0,V10>0),V10/T10,"") -> 890.65973 | V10: =SUMIFS('Dr Umesh Choudhry'!$E$7:$E$300,'Dr Umesh Choudhry'!$B$7:$B$300,$B10) -> 599414 | W10: =SUMIFS('Dr Umesh Choudhry'!$H$7:$H$300,'Dr Umesh Choudhry'!$B$7:$B$300,$B10) -> 465884.25 | X10: =W10-V10 -> -133529.75 | Y10: =IF(V10>0,X10/V10,"") -> -0.22276715 | Z10: =IF(W$6=0,"",W10/W$6) -> 0.085837931 | AA10: =SUMIFS(Gautam!$D$7:$D$300,Gautam!$B$7:$B$300,$B10) -> 390 | AB10: =IF(AND(AA10>0,AC10>0),AC10/AA10,"") -> 719.4 | AC10: =SUMIFS(Gautam!$E$7:$E$300,Gautam!$B$7:$B$300,$B10) -> 280566 | AD10: =SUMIFS(Gautam!$H$7:$H$300,Gautam!$B$7:$B$300,$B10) -> 269977.5 | AE10: =AD10-AC10 -> -10588.5 | AF10: =IF(AC10>0,AE10/AC10,"") -> -0.037739783 | AG10: =IF(AD$6=0,"",AD10/AD$6) -> 0.057777894 | AH10: =SUMIFS(DA!$D$7:$D$300,DA!$B$7:$B$300,$B10) -> 337 | AI10: =IF(AND(AH10>0,AJ10>0),AJ10/AH10,"") -> 744.69139 | AJ10: =SUMIFS(DA!$E$7:$E$300,DA!$B$7:$B$300,$B10) -> 250961 | AK10: =SUMIFS(DA!$H$7:$H$300,DA!$B$7:$B$300,$B10) -> 233288.25 | AL10: =AK10-AJ10 -> -17672.75 | AM10: =IF(AJ10>0,AL10/AJ10,"") -> -0.070420304 | AN10: =IF(AK$6=0,"",AK10/AK$6) -> 0.060157845
A11: 5 | B11: AFCOM Holdings Ltd | C11: =IFERROR(INDEX(Prices!$C$6:$C$300,MATCH($B11,Prices!$A$6:$A$300,0)),"") -> 1432.05 | D11: =IFERROR(INDEX(Prices!$D$6:$D$300,MATCH($B11,Prices!$A$6:$A$300,0)),"") -> Close 08.10.2026 (Screener.in) | E11: =(M11>0)+(T11>0)+(AA11>0)+(AH11>0) -> 3 | F11: =M11+T11+AA11+AH11 -> 480 | G11: =IF(AND(F11>0,H11>0),H11/F11,"") -> 1192.0396 | H11: =O11+V11+AC11+AJ11 -> 572179 | I11: =P11+W11+AD11+AK11 -> 687384 | J11: =I11-H11 -> 115205 | K11: =IF(H11>0,J11/H11,"") -> 0.20134433 | L11: =IF(I$6=0,"",I11/I$6) -> 0.048396748 | M11: =SUMIFS('Vidushi Malhotra'!$D$7:$D$300,'Vidushi Malhotra'!$B$7:$B$300,$B11) -> 0 | N11: =IF(AND(M11>0,O11>0),O11/M11,"") | O11: =SUMIFS('Vidushi Malhotra'!$E$7:$E$300,'Vidushi Malhotra'!$B$7:$B$300,$B11) -> 0 | P11: =SUMIFS('Vidushi Malhotra'!$H$7:$H$300,'Vidushi Malhotra'!$B$7:$B$300,$B11) -> 0 | Q11: =P11-O11 -> 0 | R11: =IF(O11>0,Q11/O11,"") | S11: =IF(P$6=0,"",P11/P$6) -> 0 | T11: =SUMIFS('Dr Umesh Choudhry'!$D$7:$D$300,'Dr Umesh Choudhry'!$B$7:$B$300,$B11) -> 240 | U11: =IF(AND(T11>0,V11>0),V11/T11,"") -> 846.57917 | V11: =SUMIFS('Dr Umesh Choudhry'!$E$7:$E$300,'Dr Umesh Choudhry'!$B$7:$B$300,$B11) -> 203179 | W11: =SUMIFS('Dr Umesh Choudhry'!$H$7:$H$300,'Dr Umesh Choudhry'!$B$7:$B$300,$B11) -> 343692 | X11: =W11-V11 -> 140513 | Y11: =IF(V11>0,X11/V11,"") -> 0.69157246 | Z11: =IF(W$6=0,"",W11/W$6) -> 0.063324334 | AA11: =SUMIFS(Gautam!$D$7:$D$300,Gautam!$B$7:$B$300,$B11) -> 120 | AB11: =IF(AND(AA11>0,AC11>0),AC11/AA11,"") -> 1666 | AC11: =SUMIFS(Gautam!$E$7:$E$300,Gautam!$B$7:$B$300,$B11) -> 199920 | AD11: =SUMIFS(Gautam!$H$7:$H$300,Gautam!$B$7:$B$300,$B11) -> 171846 | AE11: =AD11-AC11 -> -28074 | AF11: =IF(AC11>0,AE11/AC11,"") -> -0.14042617 | AG11: =IF(AD$6=0,"",AD11/AD$6) -> 0.036776768 | AH11: =SUMIFS(DA!$D$7:$D$300,DA!$B$7:$B$300,$B11) -> 120 | AI11: =IF(AND(AH11>0,AJ11>0),AJ11/AH11,"") -> 1409 | AJ11: =SUMIFS(DA!$E$7:$E$300,DA!$B$7:$B$300,$B11) -> 169080 | AK11: =SUMIFS(DA!$H$7:$H$300,DA!$B$7:$B$300,$B11) -> 171846 | AL11: =AK11-AJ11 -> 2766 | AM11: =IF(AJ11>0,AL11/AJ11,"") -> 0.01635912 | AN11: =IF(AK$6=0,"",AK11/AK$6) -> 0.044313783
A12: 6 | B12: Connplex Cinemas Ltd | C12: =IFERROR(INDEX(Prices!$C$6:$C$300,MATCH($B12,Prices!$A$6:$A$300,0)),"") -> 245 | D12: =IFERROR(INDEX(Prices!$D$6:$D$300,MATCH($B12,Prices!$A$6:$A$300,0)),"") -> Close 08.10.2026 (Screener.in) | E12: =(M12>0)+(T12>0)+(AA12>0)+(AH12>0) -> 3 | F12: =M12+T12+AA12+AH12 -> 2400 | G12: =IF(AND(F12>0,H12>0),H12/F12,"") -> 239.66333 | H12: =O12+V12+AC12+AJ12 -> 575192 | I12: =P12+W12+AD12+AK12 -> 588000 | J12: =I12-H12 -> 12808 | K12: =IF(H12>0,J12/H12,"") -> 0.022267347 | L12: =IF(I$6=0,"",I12/I$6) -> 0.041399404 | M12: =SUMIFS('Vidushi Malhotra'!$D$7:$D$300,'Vidushi Malhotra'!$B$7:$B$300,$B12) -> 0 | N12: =IF(AND(M12>0,O12>0),O12/M12,"") | O12: =SUMIFS('Vidushi Malhotra'!$E$7:$E$300,'Vidushi Malhotra'!$B$7:$B$300,$B12) -> 0 | P12: =SUMIFS('Vidushi Malhotra'!$H$7:$H$300,'Vidushi Malhotra'!$B$7:$B$300,$B12) -> 0 | Q12: =P12-O12 -> 0 | R12: =IF(O12>0,Q12/O12,"") | S12: =IF(P$6=0,"",P12/P$6) -> 0 | T12: =SUMIFS('Dr Umesh Choudhry'!$D$7:$D$300,'Dr Umesh Choudhry'!$B$7:$B$300,$B12) -> 800 | U12: =IF(AND(T12>0,V12>0),V12/T12,"") -> 229.99 | V12: =SUMIFS('Dr Umesh Choudhry'!$E$7:$E$300,'Dr Umesh Choudhry'!$B$7:$B$300,$B12) -> 183992 | W12: =SUMIFS('Dr Umesh Choudhry'!$H$7:$H$300,'Dr Umesh Choudhry'!$B$7:$B$300,$B12) -> 196000 | X12: =W12-V12 -> 12008 | Y12: =IF(V12>0,X12/V12,"") -> 0.065263707 | Z12: =IF(W$6=0,"",W12/W$6) -> 0.036112477 | AA12: =SUMIFS(Gautam!$D$7:$D$300,Gautam!$B$7:$B$300,$B12) -> 800 | AB12: =IF(AND(AA12>0,AC12>0),AC12/AA12,"") -> 264 | AC12: =SUMIFS(Gautam!$E$7:$E$300,Gautam!$B$7:$B$300,$B12) -> 211200 | AD12: =SUMIFS(Gautam!$H$7:$H$300,Gautam!$B$7:$B$300,$B12) -> 196000 | AE12: =AD12-AC12 -> -15200 | AF12: =IF(AC12>0,AE12/AC12,"") -> -0.071969697 | AG12: =IF(AD$6=0,"",AD12/AD$6) -> 0.041945967 | AH12: =SUMIFS(DA!$D$7:$D$300,DA!$B$7:$B$300,$B12) -> 800 | AI12: =IF(AND(AH12>0,AJ12>0),AJ12/AH12,"") -> 225 | AJ12: =SUMIFS(DA!$E$7:$E$300,DA!$B$7:$B$300,$B12) -> 180000 | AK12: =SUMIFS(DA!$H$7:$H$300,DA!$B$7:$B$300,$B12) -> 196000 | AL12: =AK12-AJ12 -> 16000 | AM12: =IF(AJ12>0,AL12/AJ12,"") -> 0.088888889 | AN12: =IF(AK$6=0,"",AK12/AK$6) -> 0.050542355
A13: 7 | B13: Bajaj Housing Finance Ltd | C13: =IFERROR(INDEX(Prices!$C$6:$C$300,MATCH($B13,Prices!$A$6:$A$300,0)),"") -> 82.14 | D13: =IFERROR(INDEX(Prices!$D$6:$D$300,MATCH($B13,Prices!$A$6:$A$300,0)),"") -> Close 08.10.2026 (Screener.in) | E13: =(M13>0)+(T13>0)+(AA13>0)+(AH13>0) -> 4 | F13: =M13+T13+AA13+AH13 -> 5377 | G13: =IF(AND(F13>0,H13>0),H13/F13,"") -> 102.88414 | H13: =O13+V13+AC13+AJ13 -> 553208 | I13: =P13+W13+AD13+AK13 -> 441666.78 | J13: =I13-H13 -> -111541.22 | K13: =IF(H13>0,J13/H13,"") -> -0.20162619 | L13: =IF(I$6=0,"",I13/I$6) -> 0.031096499 | M13: =SUMIFS('Vidushi Malhotra'!$D$7:$D$300,'Vidushi Malhotra'!$B$7:$B$300,$B13) -> 121 | N13: =IF(AND(M13>0,O13>0),O13/M13,"") -> 115.43802 | O13: =SUMIFS('Vidushi Malhotra'!$E$7:$E$300,'Vidushi Malhotra'!$B$7:$B$300,$B13) -> 13968 | P13: =SUMIFS('Vidushi Malhotra'!$H$7:$H$300,'Vidushi Malhotra'!$B$7:$B$300,$B13) -> 9938.94 | Q13: =P13-O13 -> -4029.06 | R13: =IF(O13>0,Q13/O13,"") -> -0.28844931 | S13: =IF(P$6=0,"",P13/P$6) -> 0.044172627 | T13: =SUMIFS('Dr Umesh Choudhry'!$D$7:$D$300,'Dr Umesh Choudhry'!$B$7:$B$300,$B13) -> 2198 | U13: =IF(AND(T13>0,V13>0),V13/T13,"") -> 116.37853 | V13: =SUMIFS('Dr Umesh Choudhry'!$E$7:$E$300,'Dr Umesh Choudhry'!$B$7:$B$300,$B13) -> 255800 | W13: =SUMIFS('Dr Umesh Choudhry'!$H$7:$H$300,'Dr Umesh Choudhry'!$B$7:$B$300,$B13) -> 180543.72 | X13: =W13-V13 -> -75256.28 | Y13: =IF(V13>0,X13/V13,"") -> -0.29419969 | Z13: =IF(W$6=0,"",W13/W$6) -> 0.033264699 | AA13: =SUMIFS(Gautam!$D$7:$D$300,Gautam!$B$7:$B$300,$B13) -> 1326 | AB13: =IF(AND(AA13>0,AC13>0),AC13/AA13,"") -> 83.490196 | AC13: =SUMIFS(Gautam!$E$7:$E$300,Gautam!$B$7:$B$300,$B13) -> 110708 | AD13: =SUMIFS(Gautam!$H$7:$H$300,Gautam!$B$7:$B$300,$B13) -> 108917.64 | AE13: =AD13-AC13 -> -1790.36 | AF13: =IF(AC13>0,AE13/AC13,"") -> -0.016171912 | AG13: =IF(AD$6=0,"",AD13/AD$6) -> 0.023309468 | AH13: =SUMIFS(DA!$D$7:$D$300,DA!$B$7:$B$300,$B13) -> 1732 | AI13: =IF(AND(AH13>0,AJ13>0),AJ13/AH13,"") -> 99.729792 | AJ13: =SUMIFS(DA!$E$7:$E$300,DA!$B$7:$B$300,$B13) -> 172732 | AK13: =SUMIFS(DA!$H$7:$H$300,DA!$B$7:$B$300,$B13) -> 142266.48 | AL13: =AK13-AJ13 -> -30465.52 | AM13: =IF(AJ13>0,AL13/AJ13,"") -> -0.1763745 | AN13: =IF(AK$6=0,"",AK13/AK$6) -> 0.036686137
A14: 8 | B14: LTM Ltd (formerly LTIMindtree) | C14: =IFERROR(INDEX(Prices!$C$6:$C$300,MATCH($B14,Prices!$A$6:$A$300,0)),"") -> 3915 | D14: =IFERROR(INDEX(Prices!$D$6:$D$300,MATCH($B14,Prices!$A$6:$A$300,0)),"") -> Close 08.10.2026 (Screener.in) | E14: =(M14>0)+(T14>0)+(AA14>0)+(AH14>0) -> 4 | F14: =M14+T14+AA14+AH14 -> 104 | G14: =IF(AND(F14>0,H14>0),H14/F14,"") -> 5041.3462 | H14: =O14+V14+AC14+AJ14 -> 524300 | I14: =P14+W14+AD14+AK14 -> 407160 | J14: =I14-H14 -> -117140 | K14: =IF(H14>0,J14/H14,"") -> -0.22342171 | L14: =IF(I$6=0,"",I14/I$6) -> 0.028666975 | M14: =SUMIFS('Vidushi Malhotra'!$D$7:$D$300,'Vidushi Malhotra'!$B$7:$B$300,$B14) -> 2 | N14: =IF(AND(M14>0,O14>0),O14/M14,"") -> 5099 | O14: =SUMIFS('Vidushi Malhotra'!$E$7:$E$300,'Vidushi Malhotra'!$B$7:$B$300,$B14) -> 10198 | P14: =SUMIFS('Vidushi Malhotra'!$H$7:$H$300,'Vidushi Malhotra'!$B$7:$B$300,$B14) -> 7830 | Q14: =P14-O14 -> -2368 | R14: =IF(O14>0,Q14/O14,"") -> -0.23220239 | S14: =IF(P$6=0,"",P14/P$6) -> 0.034799654 | T14: =SUMIFS('Dr Umesh Choudhry'!$D$7:$D$300,'Dr Umesh Choudhry'!$B$7:$B$300,$B14) -> 37 | U14: =IF(AND(T14>0,V14>0),V14/T14,"") -> 5854.1081 | V14: =SUMIFS('Dr Umesh Choudhry'!$E$7:$E$300,'Dr Umesh Choudhry'!$B$7:$B$300,$B14) -> 216602 | W14: =SUMIFS('Dr Umesh Choudhry'!$H$7:$H$300,'Dr Umesh Choudhry'!$B$7:$B$300,$B14) -> 144855 | X14: =W14-V14 -> -71747 | Y14: =IF(V14>0,X14/V14,"") -> -0.33123886 | Z14: =IF(W$6=0,"",W14/W$6) -> 0.026689147 | AA14: =SUMIFS(Gautam!$D$7:$D$300,Gautam!$B$7:$B$300,$B14) -> 60 | AB14: =IF(AND(AA14>0,AC14>0),AC14/AA14,"") -> 4564 | AC14: =SUMIFS(Gautam!$E$7:$E$300,Gautam!$B$7:$B$300,$B14) -> 273840 | AD14: =SUMIFS(Gautam!$H$7:$H$300,Gautam!$B$7:$B$300,$B14) -> 234900 | AE14: =AD14-AC14 -> -38940 | AF14: =IF(AC14>0,AE14/AC14,"") -> -0.14219982 | AG14: =IF(AD$6=0,"",AD14/AD$6) -> 0.050270957 | AH14: =SUMIFS(DA!$D$7:$D$300,DA!$B$7:$B$300,$B14) -> 5 | AI14: =IF(AND(AH14>0,AJ14>0),AJ14/AH14,"") -> 4732 | AJ14: =SUMIFS(DA!$E$7:$E$300,DA!$B$7:$B$300,$B14) -> 23660 | AK14: =SUMIFS(DA!$H$7:$H$300,DA!$B$7:$B$300,$B14) -> 19575 | AL14: =AK14-AJ14 -> -4085 | AM14: =IF(AJ14>0,AL14/AJ14,"") -> -0.17265427 | AN14: =IF(AK$6=0,"",AK14/AK$6) -> 0.0050477888
A15: 9 | B15: Nippon India ETF Nifty 1D Rate Liquid BeES | C15: =IFERROR(INDEX(Prices!$C$6:$C$300,MATCH($B15,Prices!$A$6:$A$300,0)),"") -> 1000 | D15: =IFERROR(INDEX(Prices!$D$6:$D$300,MATCH($B15,Prices!$A$6:$A$300,0)),"") -> Gautam stmt – 05.10 | E15: =(M15>0)+(T15>0)+(AA15>0)+(AH15>0) -> 1 | F15: =M15+T15+AA15+AH15 -> 300 | G15: =IF(AND(F15>0,H15>0),H15/F15,"") -> 1000 | H15: =O15+V15+AC15+AJ15 -> 300000 | I15: =P15+W15+AD15+AK15 -> 300000 | J15: =I15-H15 -> 0 | K15: =IF(H15>0,J15/H15,"") -> 0 | L15: =IF(I$6=0,"",I15/I$6) -> 0.021122145 | M15: =SUMIFS('Vidushi Malhotra'!$D$7:$D$300,'Vidushi Malhotra'!$B$7:$B$300,$B15) -> 0 | N15: =IF(AND(M15>0,O15>0),O15/M15,"") | O15: =SUMIFS('Vidushi Malhotra'!$E$7:$E$300,'Vidushi Malhotra'!$B$7:$B$300,$B15) -> 0 | P15: =SUMIFS('Vidushi Malhotra'!$H$7:$H$300,'Vidushi Malhotra'!$B$7:$B$300,$B15) -> 0 | Q15: =P15-O15 -> 0 | R15: =IF(O15>0,Q15/O15,"") | S15: =IF(P$6=0,"",P15/P$6) -> 0 | T15: =SUMIFS('Dr Umesh Choudhry'!$D$7:$D$300,'Dr Umesh Choudhry'!$B$7:$B$300,$B15) -> 0 | U15: =IF(AND(T15>0,V15>0),V15/T15,"") | V15: =SUMIFS('Dr Umesh Choudhry'!$E$7:$E$300,'Dr Umesh Choudhry'!$B$7:$B$300,$B15) -> 0 | W15: =SUMIFS('Dr Umesh Choudhry'!$H$7:$H$300,'Dr Umesh Choudhry'!$B$7:$B$300,$B15) -> 0 | X15: =W15-V15 -> 0 | Y15: =IF(V15>0,X15/V15,"") | Z15: =IF(W$6=0,"",W15/W$6) -> 0 | AA15: =SUMIFS(Gautam!$D$7:$D$300,Gautam!$B$7:$B$300,$B15) -> 300 | AB15: =IF(AND(AA15>0,AC15>0),AC15/AA15,"") -> 1000 | AC15: =SUMIFS(Gautam!$E$7:$E$300,Gautam!$B$7:$B$300,$B15) -> 300000 | AD15: =SUMIFS(Gautam!$H$7:$H$300,Gautam!$B$7:$B$300,$B15) -> 300000 | AE15: =AD15-AC15 -> 0 | AF15: =IF(AC15>0,AE15/AC15,"") -> 0 | AG15: =IF(AD$6=0,"",AD15/AD$6) -> 0.06420301 | AH15: =SUMIFS(DA!$D$7:$D$300,DA!$B$7:$B$300,$B15) -> 0 | AI15: =IF(AND(AH15>0,AJ15>0),AJ15/AH15,"") | AJ15: =SUMIFS(DA!$E$7:$E$300,DA!$B$7:$B$300,$B15) -> 0 | AK15: =SUMIFS(DA!$H$7:$H$300,DA!$B$7:$B$300,$B15) -> 0 | AL15: =AK15-AJ15 -> 0 | AM15: =IF(AJ15>0,AL15/AJ15,"") | AN15: =IF(AK$6=0,"",AK15/AK$6) -> 0
A16: 10 | B16: Fineotex Chemical Ltd | C16: =IFERROR(INDEX(Prices!$C$6:$C$300,MATCH($B16,Prices!$A$6:$A$300,0)),"") -> 55.99 | D16: =IFERROR(INDEX(Prices!$D$6:$D$300,MATCH($B16,Prices!$A$6:$A$300,0)),"") -> Close 08.10.2026 (Screener.in) | E16: =(M16>0)+(T16>0)+(AA16>0)+(AH16>0) -> 4 | F16: =M16+T16+AA16+AH16 -> 5142 | G16: =IF(AND(F16>0,H16>0),H16/F16,"") -> 39.824971 | H16: =O16+V16+AC16+AJ16 -> 204780 | I16: =P16+W16+AD16+AK16 -> 287900.58 | J16: =I16-H16 -> 83120.58 | K16: =IF(H16>0,J16/H16,"") -> 0.40590185 | L16: =IF(I$6=0,"",I16/I$6) -> 0.020270259 | M16: =SUMIFS('Vidushi Malhotra'!$D$7:$D$300,'Vidushi Malhotra'!$B$7:$B$300,$B16) -> 50 | N16: =IF(AND(M16>0,O16>0),O16/M16,"") -> 37.54 | O16: =SUMIFS('Vidushi Malhotra'!$E$7:$E$300,'Vidushi Malhotra'!$B$7:$B$300,$B16) -> 1877 | P16: =SUMIFS('Vidushi Malhotra'!$H$7:$H$300,'Vidushi Malhotra'!$B$7:$B$300,$B16) -> 2799.5 | Q16: =P16-O16 -> 922.5 | R16: =IF(O16>0,Q16/O16,"") -> 0.49147576 | S16: =IF(P$6=0,"",P16/P$6) -> 0.012442098 | T16: =SUMIFS('Dr Umesh Choudhry'!$D$7:$D$300,'Dr Umesh Choudhry'!$B$7:$B$300,$B16) -> 2370 | U16: =IF(AND(T16>0,V16>0),V16/T16,"") -> 39.829958 | V16: =SUMIFS('Dr Umesh Choudhry'!$E$7:$E$300,'Dr Umesh Choudhry'!$B$7:$B$300,$B16) -> 94397 | W16: =SUMIFS('Dr Umesh Choudhry'!$H$7:$H$300,'Dr Umesh Choudhry'!$B$7:$B$300,$B16) -> 132696.3 | X16: =W16-V16 -> 38299.3 | Y16: =IF(V16>0,X16/V16,"") -> 0.40572582 | Z16: =IF(W$6=0,"",W16/W$6) -> 0.024448939 | AA16: =SUMIFS(Gautam!$D$7:$D$300,Gautam!$B$7:$B$300,$B16) -> 692 | AB16: =IF(AND(AA16>0,AC16>0),AC16/AA16,"") -> 57.060694 | AC16: =SUMIFS(Gautam!$E$7:$E$300,Gautam!$B$7:$B$300,$B16) -> 39486 | AD16: =SUMIFS(Gautam!$H$7:$H$300,Gautam!$B$7:$B$300,$B16) -> 38745.08 | AE16: =AD16-AC16 -> -740.92 | AF16: =IF(AC16>0,AE16/AC16,"") -> -0.018764119 | AG16: =IF(AD$6=0,"",AD16/AD$6) -> 0.0082918359 | AH16: =SUMIFS(DA!$D$7:$D$300,DA!$B$7:$B$300,$B16) -> 2030 | AI16: =IF(AND(AH16>0,AJ16>0),AJ16/AH16,"") -> 34 | AJ16: =SUMIFS(DA!$E$7:$E$300,DA!$B$7:$B$300,$B16) -> 69020 | AK16: =SUMIFS(DA!$H$7:$H$300,DA!$B$7:$B$300,$B16) -> 113659.7 | AL16: =AK16-AJ16 -> 44639.7 | AM16: =IF(AJ16>0,AL16/AJ16,"") -> 0.64676471 | AN16: =IF(AK$6=0,"",AK16/AK$6) -> 0.029309331
A17: 11 | B17: Persistent Systems Ltd | C17: =IFERROR(INDEX(Prices!$C$6:$C$300,MATCH($B17,Prices!$A$6:$A$300,0)),"") -> 5468 | D17: =IFERROR(INDEX(Prices!$D$6:$D$300,MATCH($B17,Prices!$A$6:$A$300,0)),"") -> Close 08.10.2026 (Screener.in) | E17: =(M17>0)+(T17>0)+(AA17>0)+(AH17>0) -> 3 | F17: =M17+T17+AA17+AH17 -> 51 | G17: =IF(AND(F17>0,H17>0),H17/F17,"") -> 5227.9216 | H17: =O17+V17+AC17+AJ17 -> 266624 | I17: =P17+W17+AD17+AK17 -> 278868 | J17: =I17-H17 -> 12244 | K17: =IF(H17>0,J17/H17,"") -> 0.045922348 | L17: =IF(I$6=0,"",I17/I$6) -> 0.019634301 | M17: =SUMIFS('Vidushi Malhotra'!$D$7:$D$300,'Vidushi Malhotra'!$B$7:$B$300,$B17) -> 0 | N17: =IF(AND(M17>0,O17>0),O17/M17,"") | O17: =SUMIFS('Vidushi Malhotra'!$E$7:$E$300,'Vidushi Malhotra'!$B$7:$B$300,$B17) -> 0 | P17: =SUMIFS('Vidushi Malhotra'!$H$7:$H$300,'Vidushi Malhotra'!$B$7:$B$300,$B17) -> 0 | Q17: =P17-O17 -> 0 | R17: =IF(O17>0,Q17/O17,"") | S17: =IF(P$6=0,"",P17/P$6) -> 0 | T17: =SUMIFS('Dr Umesh Choudhry'!$D$7:$D$300,'Dr Umesh Choudhry'!$B$7:$B$300,$B17) -> 17 | U17: =IF(AND(T17>0,V17>0),V17/T17,"") -> 5101.9412 | V17: =SUMIFS('Dr Umesh Choudhry'!$E$7:$E$300,'Dr Umesh Choudhry'!$B$7:$B$300,$B17) -> 86733 | W17: =SUMIFS('Dr Umesh Choudhry'!$H$7:$H$300,'Dr Umesh Choudhry'!$B$7:$B$300,$B17) -> 92956 | X17: =W17-V17 -> 6223 | Y17: =IF(V17>0,X17/V17,"") -> 0.071748931 | Z17: =IF(W$6=0,"",W17/W$6) -> 0.017126895 | AA17: =SUMIFS(Gautam!$D$7:$D$300,Gautam!$B$7:$B$300,$B17) -> 16 | AB17: =IF(AND(AA17>0,AC17>0),AC17/AA17,"") -> 5501.125 | AC17: =SUMIFS(Gautam!$E$7:$E$300,Gautam!$B$7:$B$300,$B17) -> 88018 | AD17: =SUMIFS(Gautam!$H$7:$H$300,Gautam!$B$7:$B$300,$B17) -> 87488 | AE17: =AD17-AC17 -> -530 | AF17: =IF(AC17>0,AE17/AC17,"") -> -0.0060214956 | AG17: =IF(AD$6=0,"",AD17/AD$6) -> 0.01872331 | AH17: =SUMIFS(DA!$D$7:$D$300,DA!$B$7:$B$300,$B17) -> 18 | AI17: =IF(AND(AH17>0,AJ17>0),AJ17/AH17,"") -> 5104.0556 | AJ17: =SUMIFS(DA!$E$7:$E$300,DA!$B$7:$B$300,$B17) -> 91873 | AK17: =SUMIFS(DA!$H$7:$H$300,DA!$B$7:$B$300,$B17) -> 98424 | AL17: =AK17-AJ17 -> 6551 | AM17: =IF(AJ17>0,AL17/AJ17,"") -> 0.071304954 | AN17: =IF(AK$6=0,"",AK17/AK$6) -> 0.025380514
A18: 12 | B18: Tata Consultancy Services Ltd | C18: =IFERROR(INDEX(Prices!$C$6:$C$300,MATCH($B18,Prices!$A$6:$A$300,0)),"") -> 2076 | D18: =IFERROR(INDEX(Prices!$D$6:$D$300,MATCH($B18,Prices!$A$6:$A$300,0)),"") -> Close 08.10.2026 (Screener.in) | E18: =(M18>0)+(T18>0)+(AA18>0)+(AH18>0) -> 3 | F18: =M18+T18+AA18+AH18 -> 134 | G18: =IF(AND(F18>0,H18>0),H18/F18,"") -> 2718.9478 | H18: =O18+V18+AC18+AJ18 -> 364339 | I18: =P18+W18+AD18+AK18 -> 278184 | J18: =I18-H18 -> -86155 | K18: =IF(H18>0,J18/H18,"") -> -0.23646933 | L18: =IF(I$6=0,"",I18/I$6) -> 0.019586143 | M18: =SUMIFS('Vidushi Malhotra'!$D$7:$D$300,'Vidushi Malhotra'!$B$7:$B$300,$B18) -> 0 | N18: =IF(AND(M18>0,O18>0),O18/M18,"") | O18: =SUMIFS('Vidushi Malhotra'!$E$7:$E$300,'Vidushi Malhotra'!$B$7:$B$300,$B18) -> 0 | P18: =SUMIFS('Vidushi Malhotra'!$H$7:$H$300,'Vidushi Malhotra'!$B$7:$B$300,$B18) -> 0 | Q18: =P18-O18 -> 0 | R18: =IF(O18>0,Q18/O18,"") | S18: =IF(P$6=0,"",P18/P$6) -> 0 | T18: =SUMIFS('Dr Umesh Choudhry'!$D$7:$D$300,'Dr Umesh Choudhry'!$B$7:$B$300,$B18) -> 29 | U18: =IF(AND(T18>0,V18>0),V18/T18,"") -> 4227.6897 | V18: =SUMIFS('Dr Umesh Choudhry'!$E$7:$E$300,'Dr Umesh Choudhry'!$B$7:$B$300,$B18) -> 122603 | W18: =SUMIFS('Dr Umesh Choudhry'!$H$7:$H$300,'Dr Umesh Choudhry'!$B$7:$B$300,$B18) -> 60204 | X18: =W18-V18 -> -62399 | Y18: =IF(V18>0,X18/V18,"") -> -0.50895166 | Z18: =IF(W$6=0,"",W18/W$6) -> 0.011092426 | AA18: =SUMIFS(Gautam!$D$7:$D$300,Gautam!$B$7:$B$300,$B18) -> 92 | AB18: =IF(AND(AA18>0,AC18>0),AC18/AA18,"") -> 2289 | AC18: =SUMIFS(Gautam!$E$7:$E$300,Gautam!$B$7:$B$300,$B18) -> 210588 | AD18: =SUMIFS(Gautam!$H$7:$H$300,Gautam!$B$7:$B$300,$B18) -> 190992 | AE18: =AD18-AC18 -> -19596 | AF18: =IF(AC18>0,AE18/AC18,"") -> -0.093053735 | AG18: =IF(AD$6=0,"",AD18/AD$6) -> 0.040874204 | AH18: =SUMIFS(DA!$D$7:$D$300,DA!$B$7:$B$300,$B18) -> 13 | AI18: =IF(AND(AH18>0,AJ18>0),AJ18/AH18,"") -> 2396 | AJ18: =SUMIFS(DA!$E$7:$E$300,DA!$B$7:$B$300,$B18) -> 31148 | AK18: =SUMIFS(DA!$H$7:$H$300,DA!$B$7:$B$300,$B18) -> 26988 | AL18: =AK18-AJ18 -> -4160 | AM18: =IF(AJ18>0,AL18/AJ18,"") -> -0.13355593 | AN18: =IF(AK$6=0,"",AK18/AK$6) -> 0.0069593728
... A73: 67 | B73: PSL Ltd (formerly PSL Holdings Ltd) | C73: =IFERROR(INDEX(Prices!$C$6:$C$300,MATCH($B73,Prices!$A$6:$A$300,0)),"") | D73: =IFERROR(INDEX(Prices!$D$6:$D$300,MATCH($B73,Prices!$A$6:$A$300,0)),"") -> No price on any statement | E73: =(M73>0)+(T73>0)+(AA73>0)+(AH73>0) -> 1 | F73: =M73+T73+AA73+AH73 -> 1000 | G73: =IF(AND(F73>0,H73>0),H73/F73,"") | H73: =O73+V73+AC73+AJ73 -> 0 | I73: =P73+W73+AD73+AK73 -> 0 | J73: =I73-H73 -> 0 | K73: =IF(H73>0,J73/H73,"") | L73: =IF(I$6=0,"",I73/I$6) -> 0 | M73: =SUMIFS('Vidushi Malhotra'!$D$7:$D$300,'Vidushi Malhotra'!$B$7:$B$300,$B73) -> 0 | N73: =IF(AND(M73>0,O73>0),O73/M73,"") | O73: =SUMIFS('Vidushi Malhotra'!$E$7:$E$300,'Vidushi Malhotra'!$B$7:$B$300,$B73) -> 0 | P73: =SUMIFS('Vidushi Malhotra'!$H$7:$H$300,'Vidushi Malhotra'!$B$7:$B$300,$B73) -> 0 | Q73: =P73-O73 -> 0 | R73: =IF(O73>0,Q73/O73,"") | S73: =IF(P$6=0,"",P73/P$6) -> 0 | T73: =SUMIFS('Dr Umesh Choudhry'!$D$7:$D$300,'Dr Umesh Choudhry'!$B$7:$B$300,$B73) -> 0 | U73: =IF(AND(T73>0,V73>0),V73/T73,"") | V73: =SUMIFS('Dr Umesh Choudhry'!$E$7:$E$300,'Dr Umesh Choudhry'!$B$7:$B$300,$B73) -> 0 | W73: =SUMIFS('Dr Umesh Choudhry'!$H$7:$H$300,'Dr Umesh Choudhry'!$B$7:$B$300,$B73) -> 0 | X73: =W73-V73 -> 0 | Y73: =IF(V73>0,X73/V73,"") | Z73: =IF(W$6=0,"",W73/W$6) -> 0 | AA73: =SUMIFS(Gautam!$D$7:$D$300,Gautam!$B$7:$B$300,$B73) -> 1000 | AB73: =IF(AND(AA73>0,AC73>0),AC73/AA73,"") | AC73: =SUMIFS(Gautam!$E$7:$E$300,Gautam!$B$7:$B$300,$B73) -> 0 | AD73: =SUMIFS(Gautam!$H$7:$H$300,Gautam!$B$7:$B$300,$B73) -> 0 | AE73: =AD73-AC73 -> 0 | AF73: =IF(AC73>0,AE73/AC73,"") | AG73: =IF(AD$6=0,"",AD73/AD$6) -> 0 | AH73: =SUMIFS(DA!$D$7:$D$300,DA!$B$7:$B$300,$B73) -> 0 | AI73: =IF(AND(AH73>0,AJ73>0),AJ73/AH73,"") | AJ73: =SUMIFS(DA!$E$7:$E$300,DA!$B$7:$B$300,$B73) -> 0 | AK73: =SUMIFS(DA!$H$7:$H$300,DA!$B$7:$B$300,$B73) -> 0 | AL73: =AK73-AJ73 -> 0 | AM73: =IF(AJ73>0,AL73/AJ73,"") | AN73: =IF(AK$6=0,"",AK73/AK$6) -> 0

Sheet Prices
A1: COMMON PRICE SHEET
A2: One price per security, used to value every portfolio. Without an exchange close, the statement price is used, freshest statement first: Vidushi stmt – LTP 05.10 → Umesh stmt – NSE live 09.10 → Gautam stmt – 05.10 → DA stmt – older (stale).
A3: Column B holds NSE/BSE closes for 08.10.2026 (Screener.in). TO UPDATE: overwrite the yellow column B and the source text beside it — every portfolio and the combined view revalue. Blank B = statement price.
A5: Security | B5: Override Price (₹) ← type here | C5: Ref Price (₹) (used everywhere) | D5: Price Basis | E5: Vidushi Malhotra stmt (₹) | F5: Dr Umesh Choudhry stmt (₹) | G5: Gautam stmt (₹) | H5: DA stmt (₹) | I5: Override source | J5: Prev close 07.10 (₹) | K5: 1-day chg %
A6: AFCOM Holdings Ltd | B6: 1432.05 | C6: =IF(ISNUMBER(B6),B6,IF(ISNUMBER(E6),E6,IF(ISNUMBER(F6),F6,IF(ISNUMBER(G6),G6,IF(ISNUMBER(H6),H6,""))))) -> 1432.05 | D6: =IF(ISNUMBER(B6),IF(I6<>"",I6,"Manual override"),IF(ISNUMBER(E6),"Vidushi stmt – LTP 05.10",IF(ISNUMBER(F6),"Umesh stmt – NSE live 09.10",IF(ISNUMBER(G6),"Gautam stmt – 05.10",IF(ISNUMBER(H6),"DA stmt – older (stale)","No price on any statement"))))) -> Close 08.10.2026 (Screener.in) | E6: =IFERROR(INDEX('Vidushi Malhotra'!$M$7:$M$300,MATCH($A6,'Vidushi Malhotra'!$B$7:$B$300,0)),"") | F6: =IFERROR(INDEX('Dr Umesh Choudhry'!$M$7:$M$300,MATCH($A6,'Dr Umesh Choudhry'!$B$7:$B$300,0)),"") -> 1425 | G6: =IFERROR(INDEX(Gautam!$M$7:$M$300,MATCH($A6,Gautam!$B$7:$B$300,0)),"") -> 1481 | H6: =IFERROR(INDEX(DA!$M$7:$M$300,MATCH($A6,DA!$B$7:$B$300,0)),"") -> 1540 | I6: Close 08.10.2026 (Screener.in) | J6: 1499.4 | K6: =IF(AND(ISNUMBER(B6),ISNUMBER(J6),N(J6)>0),B6/J6-1,"") -> -0.044917967
A7: Affle 3i Ltd | B7: 1401.4 | C7: =IF(ISNUMBER(B7),B7,IF(ISNUMBER(E7),E7,IF(ISNUMBER(F7),F7,IF(ISNUMBER(G7),G7,IF(ISNUMBER(H7),H7,""))))) -> 1401.4 | D7: =IF(ISNUMBER(B7),IF(I7<>"",I7,"Manual override"),IF(ISNUMBER(E7),"Vidushi stmt – LTP 05.10",IF(ISNUMBER(F7),"Umesh stmt – NSE live 09.10",IF(ISNUMBER(G7),"Gautam stmt – 05.10",IF(ISNUMBER(H7),"DA stmt – older (stale)","No price on any statement"))))) -> Close 08.10.2026 (Screener.in) | E7: =IFERROR(INDEX('Vidushi Malhotra'!$M$7:$M$300,MATCH($A7,'Vidushi Malhotra'!$B$7:$B$300,0)),"") -> 1456.6667 | F7: =IFERROR(INDEX('Dr Umesh Choudhry'!$M$7:$M$300,MATCH($A7,'Dr Umesh Choudhry'!$B$7:$B$300,0)),"") -> 1422.8936 | G7: =IFERROR(INDEX(Gautam!$M$7:$M$300,MATCH($A7,Gautam!$B$7:$B$300,0)),"") -> 1450 | H7: =IFERROR(INDEX(DA!$M$7:$M$300,MATCH($A7,DA!$B$7:$B$300,0)),"") -> 1568 | I7: Close 08.10.2026 (Screener.in) | J7: 1436 | K7: =IF(AND(ISNUMBER(B7),ISNUMBER(J7),N(J7)>0),B7/J7-1,"") -> -0.024094708
A8: Ambuja Cements Ltd | B8: 341 | C8: =IF(ISNUMBER(B8),B8,IF(ISNUMBER(E8),E8,IF(ISNUMBER(F8),F8,IF(ISNUMBER(G8),G8,IF(ISNUMBER(H8),H8,""))))) -> 341 | D8: =IF(ISNUMBER(B8),IF(I8<>"",I8,"Manual override"),IF(ISNUMBER(E8),"Vidushi stmt – LTP 05.10",IF(ISNUMBER(F8),"Umesh stmt – NSE live 09.10",IF(ISNUMBER(G8),"Gautam stmt – 05.10",IF(ISNUMBER(H8),"DA stmt – older (stale)","No price on any statement"))))) -> Close 08.10.2026 (Screener.in) | E8: =IFERROR(INDEX('Vidushi Malhotra'!$M$7:$M$300,MATCH($A8,'Vidushi Malhotra'!$B$7:$B$300,0)),"") | F8: =IFERROR(INDEX('Dr Umesh Choudhry'!$M$7:$M$300,MATCH($A8,'Dr Umesh Choudhry'!$B$7:$B$300,0)),"") | G8: =IFERROR(INDEX(Gautam!$M$7:$M$300,MATCH($A8,Gautam!$B$7:$B$300,0)),"") | H8: =IFERROR(INDEX(DA!$M$7:$M$300,MATCH($A8,DA!$B$7:$B$300,0)),"") -> 392 | I8: Close 08.10.2026 (Screener.in) | J8: 356.9 | K8: =IF(AND(ISNUMBER(B8),ISNUMBER(J8),N(J8)>0),B8/J8-1,"") -> -0.044550294
A9: Ashoka Buildcon Ltd | B9: 101.4 | C9: =IF(ISNUMBER(B9),B9,IF(ISNUMBER(E9),E9,IF(ISNUMBER(F9),F9,IF(ISNUMBER(G9),G9,IF(ISNUMBER(H9),H9,""))))) -> 101.4 | D9: =IF(ISNUMBER(B9),IF(I9<>"",I9,"Manual override"),IF(ISNUMBER(E9),"Vidushi stmt – LTP 05.10",IF(ISNUMBER(F9),"Umesh stmt – NSE live 09.10",IF(ISNUMBER(G9),"Gautam stmt – 05.10",IF(ISNUMBER(H9),"DA stmt – older (stale)","No price on any statement"))))) -> Close 08.10.2026 (Screener.in) | E9: =IFERROR(INDEX('Vidushi Malhotra'!$M$7:$M$300,MATCH($A9,'Vidushi Malhotra'!$B$7:$B$300,0)),"") | F9: =IFERROR(INDEX('Dr Umesh Choudhry'!$M$7:$M$300,MATCH($A9,'Dr Umesh Choudhry'!$B$7:$B$300,0)),"") | G9: =IFERROR(INDEX(Gautam!$M$7:$M$300,MATCH($A9,Gautam!$B$7:$B$300,0)),"") | H9: =IFERROR(INDEX(DA!$M$7:$M$300,MATCH($A9,DA!$B$7:$B$300,0)),"") -> 114 | I9: Close 08.10.2026 (Screener.in) | J9: 104.03 | K9: =IF(AND(ISNUMBER(B9),ISNUMBER(J9),N(J9)>0),B9/J9-1,"") -> -0.025281169
A10: Astec LifeSciences Ltd | B10: 714.75 | C10: =IF(ISNUMBER(B10),B10,IF(ISNUMBER(E10),E10,IF(ISNUMBER(F10),F10,IF(ISNUMBER(G10),G10,IF(ISNUMBER(H10),H10,""))))) -> 714.75 | D10: =IF(ISNUMBER(B10),IF(I10<>"",I10,"Manual override"),IF(ISNUMBER(E10),"Vidushi stmt – LTP 05.10",IF(ISNUMBER(F10),"Umesh stmt – NSE live 09.10",IF(ISNUMBER(G10),"Gautam stmt – 05.10",IF(ISNUMBER(H10),"DA stmt – older (stale)","No price on any statement"))))) -> Close 08.10.2026 (Screener.in) | E10: =IFERROR(INDEX('Vidushi Malhotra'!$M$7:$M$300,MATCH($A10,'Vidushi Malhotra'!$B$7:$B$300,0)),"") | F10: =IFERROR(INDEX('Dr Umesh Choudhry'!$M$7:$M$300,MATCH($A10,'Dr Umesh Choudhry'!$B$7:$B$300,0)),"") | G10: =IFERROR(INDEX(Gautam!$M$7:$M$300,MATCH($A10,Gautam!$B$7:$B$300,0)),"") | H10: =IFERROR(INDEX(DA!$M$7:$M$300,MATCH($A10,DA!$B$7:$B$300,0)),"") -> 700 | I10: Close 08.10.2026 (Screener.in) | J10: 748.2 | K10: =IF(AND(ISNUMBER(B10),ISNUMBER(J10),N(J10)>0),B10/J10-1,"") -> -0.044707298
A11: Avenue Supermarts (DMart) Ltd | B11: 3585 | C11: =IF(ISNUMBER(B11),B11,IF(ISNUMBER(E11),E11,IF(ISNUMBER(F11),F11,IF(ISNUMBER(G11),G11,IF(ISNUMBER(H11),H11,""))))) -> 3585 | D11: =IF(ISNUMBER(B11),IF(I11<>"",I11,"Manual override"),IF(ISNUMBER(E11),"Vidushi stmt – LTP 05.10",IF(ISNUMBER(F11),"Umesh stmt – NSE live 09.10",IF(ISNUMBER(G11),"Gautam stmt – 05.10",IF(ISNUMBER(H11),"DA stmt – older (stale)","No price on any statement"))))) -> Close 08.10.2026 (Screener.in) | E11: =IFERROR(INDEX('Vidushi Malhotra'!$M$7:$M$300,MATCH($A11,'Vidushi Malhotra'!$B$7:$B$300,0)),"") | F11: =IFERROR(INDEX('Dr Umesh Choudhry'!$M$7:$M$300,MATCH($A11,'Dr Umesh Choudhry'!$B$7:$B$300,0)),"") -> 3567.5 | G11: =IFERROR(INDEX(Gautam!$M$7:$M$300,MATCH($A11,Gautam!$B$7:$B$300,0)),"") -> 3813 | H11: =IFERROR(INDEX(DA!$M$7:$M$300,MATCH($A11,DA!$B$7:$B$300,0)),"") -> 3688 | I11: Close 08.10.2026 (Screener.in) | J11: 3636 | K11: =IF(AND(ISNUMBER(B11),ISNUMBER(J11),N(J11)>0),B11/J11-1,"") -> -0.014026403
A12: Bagmane Prime Office REIT | B12: 106.52 | C12: =IF(ISNUMBER(B12),B12,IF(ISNUMBER(E12),E12,IF(ISNUMBER(F12),F12,IF(ISNUMBER(G12),G12,IF(ISNUMBER(H12),H12,""))))) -> 106.52 | D12: =IF(ISNUMBER(B12),IF(I12<>"",I12,"Manual override"),IF(ISNUMBER(E12),"Vidushi stmt – LTP 05.10",IF(ISNUMBER(F12),"Umesh stmt – NSE live 09.10",IF(ISNUMBER(G12),"Gautam stmt – 05.10",IF(ISNUMBER(H12),"DA stmt – older (stale)","No price on any statement"))))) -> Close 08.10.2026 (Screener.in) | E12: =IFERROR(INDEX('Vidushi Malhotra'!$M$7:$M$300,MATCH($A12,'Vidushi Malhotra'!$B$7:$B$300,0)),"") | F12: =IFERROR(INDEX('Dr Umesh Choudhry'!$M$7:$M$300,MATCH($A12,'Dr Umesh Choudhry'!$B$7:$B$300,0)),"") | G12: =IFERROR(INDEX(Gautam!$M$7:$M$300,MATCH($A12,Gautam!$B$7:$B$300,0)),"") -> 107 | H12: =IFERROR(INDEX(DA!$M$7:$M$300,MATCH($A12,DA!$B$7:$B$300,0)),"") | I12: Close 08.10.2026 (Screener.in) | J12: 106.62 | K12: =IF(AND(ISNUMBER(B12),ISNUMBER(J12),N(J12)>0),B12/J12-1,"") -> -0.00093791034
A13: Bajaj Finance Ltd | B13: 955.95 | C13: =IF(ISNUMBER(B13),B13,IF(ISNUMBER(E13),E13,IF(ISNUMBER(F13),F13,IF(ISNUMBER(G13),G13,IF(ISNUMBER(H13),H13,""))))) -> 955.95 | D13: =IF(ISNUMBER(B13),IF(I13<>"",I13,"Manual override"),IF(ISNUMBER(E13),"Vidushi stmt – LTP 05.10",IF(ISNUMBER(F13),"Umesh stmt – NSE live 09.10",IF(ISNUMBER(G13),"Gautam stmt – 05.10",IF(ISNUMBER(H13),"DA stmt – older (stale)","No price on any statement"))))) -> Close 08.10.2026 (Screener.in) | E13: =IFERROR(INDEX('Vidushi Malhotra'!$M$7:$M$300,MATCH($A13,'Vidushi Malhotra'!$B$7:$B$300,0)),"") -> 973.90083 | F13: =IFERROR(INDEX('Dr Umesh Choudhry'!$M$7:$M$300,MATCH($A13,'Dr Umesh Choudhry'!$B$7:$B$300,0)),"") -> 961.34992 | G13: =IFERROR(INDEX(Gautam!$M$7:$M$300,MATCH($A13,Gautam!$B$7:$B$300,0)),"") -> 981 | H13: =IFERROR(INDEX(DA!$M$7:$M$300,MATCH($A13,DA!$B$7:$B$300,0)),"") -> 1034 | I13: Close 08.10.2026 (Screener.in) | J13: 963.85 | K13: =IF(AND(ISNUMBER(B13),ISNUMBER(J13),N(J13)>0),B13/J13-1,"") -> -0.0081962961
A14: Bajaj Housing Finance Ltd | B14: 82.14 | C14: =IF(ISNUMBER(B14),B14,IF(ISNUMBER(E14),E14,IF(ISNUMBER(F14),F14,IF(ISNUMBER(G14),G14,IF(ISNUMBER(H14),H14,""))))) -> 82.14 | D14: =IF(ISNUMBER(B14),IF(I14<>"",I14,"Manual override"),IF(ISNUMBER(E14),"Vidushi stmt – LTP 05.10",IF(ISNUMBER(F14),"Umesh stmt – NSE live 09.10",IF(ISNUMBER(G14),"Gautam stmt – 05.10",IF(ISNUMBER(H14),"DA stmt – older (stale)","No price on any statement"))))) -> Close 08.10.2026 (Screener.in) | E14: =IFERROR(INDEX('Vidushi Malhotra'!$M$7:$M$300,MATCH($A14,'Vidushi Malhotra'!$B$7:$B$300,0)),"") -> 81.801653 | F14: =IFERROR(INDEX('Dr Umesh Choudhry'!$M$7:$M$300,MATCH($A14,'Dr Umesh Choudhry'!$B$7:$B$300,0)),"") -> 82.210191 | G14: =IFERROR(INDEX(Gautam!$M$7:$M$300,MATCH($A14,Gautam!$B$7:$B$300,0)),"") -> 82.600302 | H14: =IFERROR(INDEX(DA!$M$7:$M$300,MATCH($A14,DA!$B$7:$B$300,0)),"") -> 84 | I14: Close 08.10.2026 (Screener.in) | J14: 84.08 | K14: =IF(AND(ISNUMBER(B14),ISNUMBER(J14),N(J14)>0),B14/J14-1,"") -> -0.023073264
A15: Bharti Airtel Ltd | B15: 1804.6 | C15: =IF(ISNUMBER(B15),B15,IF(ISNUMBER(E15),E15,IF(ISNUMBER(F15),F15,IF(ISNUMBER(G15),G15,IF(ISNUMBER(H15),H15,""))))) -> 1804.6 | D15: =IF(ISNUMBER(B15),IF(I15<>"",I15,"Manual override"),IF(ISNUMBER(E15),"Vidushi stmt – LTP 05.10",IF(ISNUMBER(F15),"Umesh stmt – NSE live 09.10",IF(ISNUMBER(G15),"Gautam stmt – 05.10",IF(ISNUMBER(H15),"DA stmt – older (stale)","No price on any statement"))))) -> Close 08.10.2026 (Screener.in) | E15: =IFERROR(INDEX('Vidushi Malhotra'!$M$7:$M$300,MATCH($A15,'Vidushi Malhotra'!$B$7:$B$300,0)),"") | F15: =IFERROR(INDEX('Dr Umesh Choudhry'!$M$7:$M$300,MATCH($A15,'Dr Umesh Choudhry'!$B$7:$B$300,0)),"") | G15: =IFERROR(INDEX(Gautam!$M$7:$M$300,MATCH($A15,Gautam!$B$7:$B$300,0)),"") -> 1741 | H15: =IFERROR(INDEX(DA!$M$7:$M$300,MATCH($A15,DA!$B$7:$B$300,0)),"") | I15: Close 08.10.2026 (Screener.in) | J15: 1833.9 | K15: =IF(AND(ISNUMBER(B15),ISNUMBER(J15),N(J15)>0),B15/J15-1,"") -> -0.01597688
A16: Brigade Enterprises Ltd | B16: 547.2 | C16: =IF(ISNUMBER(B16),B16,IF(ISNUMBER(E16),E16,IF(ISNUMBER(F16),F16,IF(ISNUMBER(G16),G16,IF(ISNUMBER(H16),H16,""))))) -> 547.2 | D16: =IF(ISNUMBER(B16),IF(I16<>"",I16,"Manual override"),IF(ISNUMBER(E16),"Vidushi stmt – LTP 05.10",IF(ISNUMBER(F16),"Umesh stmt – NSE live 09.10",IF(ISNUMBER(G16),"Gautam stmt – 05.10",IF(ISNUMBER(H16),"DA stmt – older (stale)","No price on any statement"))))) -> Close 08.10.2026 (Screener.in) | E16: =IFERROR(INDEX('Vidushi Malhotra'!$M$7:$M$300,MATCH($A16,'Vidushi Malhotra'!$B$7:$B$300,0)),"") | F16: =IFERROR(INDEX('Dr Umesh Choudhry'!$M$7:$M$300,MATCH($A16,'Dr Umesh Choudhry'!$B$7:$B$300,0)),"") | G16: =IFERROR(INDEX(Gautam!$M$7:$M$300,MATCH($A16,Gautam!$B$7:$B$300,0)),"") | H16: =IFERROR(INDEX(DA!$M$7:$M$300,MATCH($A16,DA!$B$7:$B$300,0)),"") -> 639 | I16: Close 08.10.2026 (Screener.in) | J16: 554.2 | K16: =IF(AND(ISNUMBER(B16),ISNUMBER(J16),N(J16)>0),B16/J16-1,"") -> -0.012630819
A17: Capacite Infraprojects Ltd | B17: 177.19 | C17: =IF(ISNUMBER(B17),B17,IF(ISNUMBER(E17),E17,IF(ISNUMBER(F17),F17,IF(ISNUMBER(G17),G17,IF(ISNUMBER(H17),H17,""))))) -> 177.19 | D17: =IF(ISNUMBER(B17),IF(I17<>"",I17,"Manual override"),IF(ISNUMBER(E17),"Vidushi stmt – LTP 05.10",IF(ISNUMBER(F17),"Umesh stmt – NSE live 09.10",IF(ISNUMBER(G17),"Gautam stmt – 05.10",IF(ISNUMBER(H17),"DA stmt – older (stale)","No price on any statement"))))) -> Close 08.10.2026 (Screener.in) | E17: =IFERROR(INDEX('Vidushi Malhotra'!$M$7:$M$300,MATCH($A17,'Vidushi Malhotra'!$B$7:$B$300,0)),"") | F17: =IFERROR(INDEX('Dr Umesh Choudhry'!$M$7:$M$300,MATCH($A17,'Dr Umesh Choudhry'!$B$7:$B$300,0)),"") | G17: =IFERROR(INDEX(Gautam!$M$7:$M$300,MATCH($A17,Gautam!$B$7:$B$300,0)),"") | H17: =IFERROR(INDEX(DA!$M$7:$M$300,MATCH($A17,DA!$B$7:$B$300,0)),"") -> 192 | I17: Close 08.10.2026 (Screener.in) | J17: 181.72 | K17: =IF(AND(ISNUMBER(B17),ISNUMBER(J17),N(J17)>0),B17/J17-1,"") -> -0.024928461
A18: Cash – ICICI Direct | B18: 1 | C18: =IF(ISNUMBER(B18),B18,IF(ISNUMBER(E18),E18,IF(ISNUMBER(F18),F18,IF(ISNUMBER(G18),G18,IF(ISNUMBER(H18),H18,""))))) -> 1 | D18: =IF(ISNUMBER(B18),IF(I18<>"",I18,"Manual override"),IF(ISNUMBER(E18),"Vidushi stmt – LTP 05.10",IF(ISNUMBER(F18),"Umesh stmt – NSE live 09.10",IF(ISNUMBER(G18),"Gautam stmt – 05.10",IF(ISNUMBER(H18),"DA stmt – older (stale)","No price on any statement"))))) -> Cash at par (₹1) | E18: =IFERROR(INDEX('Vidushi Malhotra'!$M$7:$M$300,MATCH($A18,'Vidushi Malhotra'!$B$7:$B$300,0)),"") | F18: =IFERROR(INDEX('Dr Umesh Choudhry'!$M$7:$M$300,MATCH($A18,'Dr Umesh Choudhry'!$B$7:$B$300,0)),"") -> 1 | G18: =IFERROR(INDEX(Gautam!$M$7:$M$300,MATCH($A18,Gautam!$B$7:$B$300,0)),"") | H18: =IFERROR(INDEX(DA!$M$7:$M$300,MATCH($A18,DA!$B$7:$B$300,0)),"") | I18: Cash at par (₹1) | K18: =IF(AND(ISNUMBER(B18),ISNUMBER(J18),N(J18)>0),B18/J18-1,"")
A19: Connplex Cinemas Ltd | B19: 245 | C19: =IF(ISNUMBER(B19),B19,IF(ISNUMBER(E19),E19,IF(ISNUMBER(F19),F19,IF(ISNUMBER(G19),G19,IF(ISNUMBER(H19),H19,""))))) -> 245 | D19: =IF(ISNUMBER(B19),IF(I19<>"",I19,"Manual override"),IF(ISNUMBER(E19),"Vidushi stmt – LTP 05.10",IF(ISNUMBER(F19),"Umesh stmt – NSE live 09.10",IF(ISNUMBER(G19),"Gautam stmt – 05.10",IF(ISNUMBER(H19),"DA stmt – older (stale)","No price on any statement"))))) -> Close 08.10.2026 (Screener.in) | E19: =IFERROR(INDEX('Vidushi Malhotra'!$M$7:$M$300,MATCH($A19,'Vidushi Malhotra'!$B$7:$B$300,0)),"") | F19: =IFERROR(INDEX('Dr Umesh Choudhry'!$M$7:$M$300,MATCH($A19,'Dr Umesh Choudhry'!$B$7:$B$300,0)),"") -> 245 | G19: =IFERROR(INDEX(Gautam!$M$7:$M$300,MATCH($A19,Gautam!$B$7:$B$300,0)),"") -> 246 | H19: =IFERROR(INDEX(DA!$M$7:$M$300,MATCH($A19,DA!$B$7:$B$300,0)),"") -> 265 | I19: Close 08.10.2026 (Screener.in) | J19: 256.65 | K19: =IF(AND(ISNUMBER(B19),ISNUMBER(J19),N(J19)>0),B19/J19-1,"") -> -0.045392558
A20: Cyient Ltd | B20: 1084.7 | C20: =IF(ISNUMBER(B20),B20,IF(ISNUMBER(E20),E20,IF(ISNUMBER(F20),F20,IF(ISNUMBER(G20),G20,IF(ISNUMBER(H20),H20,""))))) -> 1084.7 | D20: =IF(ISNUMBER(B20),IF(I20<>"",I20,"Manual override"),IF(ISNUMBER(E20),"Vidushi stmt – LTP 05.10",IF(ISNUMBER(F20),"Umesh stmt – NSE live 09.10",IF(ISNUMBER(G20),"Gautam stmt – 05.10",IF(ISNUMBER(H20),"DA stmt – older (stale)","No price on any statement"))))) -> Close 08.10.2026 (Screener.in) | E20: =IFERROR(INDEX('Vidushi Malhotra'!$M$7:$M$300,MATCH($A20,'Vidushi Malhotra'!$B$7:$B$300,0)),"") | F20: =IFERROR(INDEX('Dr Umesh Choudhry'!$M$7:$M$300,MATCH($A20,'Dr Umesh Choudhry'!$B$7:$B$300,0)),"") | G20: =IFERROR(INDEX(Gautam!$M$7:$M$300,MATCH($A20,Gautam!$B$7:$B$300,0)),"") | H20: =IFERROR(INDEX(DA!$M$7:$M$300,MATCH($A20,DA!$B$7:$B$300,0)),"") -> 1059 | I20: Close 08.10.2026 (Screener.in) | J20: 1115 | K20: =IF(AND(ISNUMBER(B20),ISNUMBER(J20),N(J20)>0),B20/J20-1,"") -> -0.027174888
A21: Eicher Motors Ltd | B21: 6767.5 | C21: =IF(ISNUMBER(B21),B21,IF(ISNUMBER(E21),E21,IF(ISNUMBER(F21),F21,IF(ISNUMBER(G21),G21,IF(ISNUMBER(H21),H21,""))))) -> 6767.5 | D21: =IF(ISNUMBER(B21),IF(I21<>"",I21,"Manual override"),IF(ISNUMBER(E21),"Vidushi stmt – LTP 05.10",IF(ISNUMBER(F21),"Umesh stmt – NSE live 09.10",IF(ISNUMBER(G21),"Gautam stmt – 05.10",IF(ISNUMBER(H21),"DA stmt – older (stale)","No price on any statement"))))) -> Close 08.10.2026 (Screener.in) | E21: =IFERROR(INDEX('Vidushi Malhotra'!$M$7:$M$300,MATCH($A21,'Vidushi Malhotra'!$B$7:$B$300,0)),"") | F21: =IFERROR(INDEX('Dr Umesh Choudhry'!$M$7:$M$300,MATCH($A21,'Dr Umesh Choudhry'!$B$7:$B$300,0)),"") -> 6935 | G21: =IFERROR(INDEX(Gautam!$M$7:$M$300,MATCH($A21,Gautam!$B$7:$B$300,0)),"") -> 6920 | H21: =IFERROR(INDEX(DA!$M$7:$M$300,MATCH($A21,DA!$B$7:$B$300,0)),"") -> 7530 | I21: Close 08.10.2026 (Screener.in) | J21: 6960 | K21: =IF(AND(ISNUMBER(B21),ISNUMBER(J21),N(J21)>0),B21/J21-1,"") -> -0.027658046
A22: Fineotex Chemical Ltd | B22: 55.99 | C22: =IF(ISNUMBER(B22),B22,IF(ISNUMBER(E22),E22,IF(ISNUMBER(F22),F22,IF(ISNUMBER(G22),G22,IF(ISNUMBER(H22),H22,""))))) -> 55.99 | D22: =IF(ISNUMBER(B22),IF(I22<>"",I22,"Manual override"),IF(ISNUMBER(E22),"Vidushi stmt – LTP 05.10",IF(ISNUMBER(F22),"Umesh stmt – NSE live 09.10",IF(ISNUMBER(G22),"Gautam stmt – 05.10",IF(ISNUMBER(H22),"DA stmt – older (stale)","No price on any statement"))))) -> Close 08.10.2026 (Screener.in) | E22: =IFERROR(INDEX('Vidushi Malhotra'!$M$7:$M$300,MATCH($A22,'Vidushi Malhotra'!$B$7:$B$300,0)),"") -> 54.22 | F22: =IFERROR(INDEX('Dr Umesh Choudhry'!$M$7:$M$300,MATCH($A22,'Dr Umesh Choudhry'!$B$7:$B$300,0)),"") -> 56.329958 | G22: =IFERROR(INDEX(Gautam!$M$7:$M$300,MATCH($A22,Gautam!$B$7:$B$300,0)),"") -> 55.699422 | H22: =IFERROR(INDEX(DA!$M$7:$M$300,MATCH($A22,DA!$B$7:$B$300,0)),"") -> 57.7 | I22: Close 08.10.2026 (Screener.in) | J22: 57.8 | K22: =IF(AND(ISNUMBER(B22),ISNUMBER(J22),N(J22)>0),B22/J22-1,"") -> -0.031314879
A23: GFL Ltd | B23: 54.91 | C23: =IF(ISNUMBER(B23),B23,IF(ISNUMBER(E23),E23,IF(ISNUMBER(F23),F23,IF(ISNUMBER(G23),G23,IF(ISNUMBER(H23),H23,""))))) -> 54.91 | D23: =IF(ISNUMBER(B23),IF(I23<>"",I23,"Manual override"),IF(ISNUMBER(E23),"Vidushi stmt – LTP 05.10",IF(ISNUMBER(F23),"Umesh stmt – NSE live 09.10",IF(ISNUMBER(G23),"Gautam stmt – 05.10",IF(ISNUMBER(H23),"DA stmt – older (stale)","No price on any statement"))))) -> Close 08.10.2026 (Screener.in) | E23: =IFERROR(INDEX('Vidushi Malhotra'!$M$7:$M$300,MATCH($A23,'Vidushi Malhotra'!$B$7:$B$300,0)),"") | F23: =IFERROR(INDEX('Dr Umesh Choudhry'!$M$7:$M$300,MATCH($A23,'Dr Umesh Choudhry'!$B$7:$B$300,0)),"") | G23: =IFERROR(INDEX(Gautam!$M$7:$M$300,MATCH($A23,Gautam!$B$7:$B$300,0)),"") | H23: =IFERROR(INDEX(DA!$M$7:$M$300,MATCH($A23,DA!$B$7:$B$300,0)),"") -> 58 | I23: Close 08.10.2026 (Screener.in) | J23: 57.83 | K23: =IF(AND(ISNUMBER(B23),ISNUMBER(J23),N(J23)>0),B23/J23-1,"") -> -0.050492824
A24: Godrej Consumer Products Ltd | B24: 865 | C24: =IF(ISNUMBER(B24),B24,IF(ISNUMBER(E24),E24,IF(ISNUMBER(F24),F24,IF(ISNUMBER(G24),G24,IF(ISNUMBER(H24),H24,""))))) -> 865 | D24: =IF(ISNUMBER(B24),IF(I24<>"",I24,"Manual override"),IF(ISNUMBER(E24),"Vidushi stmt – LTP 05.10",IF(ISNUMBER(F24),"Umesh stmt – NSE live 09.10",IF(ISNUMBER(G24),"Gautam stmt – 05.10",IF(ISNUMBER(H24),"DA stmt – older (stale)","No price on any statement"))))) -> Close 08.10.2026 (Screener.in) | E24: =IFERROR(INDEX('Vidushi Malhotra'!$M$7:$M$300,MATCH($A24,'Vidushi Malhotra'!$B$7:$B$300,0)),"") | F24: =IFERROR(INDEX('Dr Umesh Choudhry'!$M$7:$M$300,MATCH($A24,'Dr Umesh Choudhry'!$B$7:$B$300,0)),"") | G24: =IFERROR(INDEX(Gautam!$M$7:$M$300,MATCH($A24,Gautam!$B$7:$B$300,0)),"") | H24: =IFERROR(INDEX(DA!$M$7:$M$300,MATCH($A24,DA!$B$7:$B$300,0)),"") -> 865 | I24: Close 08.10.2026 (Screener.in) | J24: 865.55 | K24: =IF(AND(ISNUMBER(B24),ISNUMBER(J24),N(J24)>0),B24/J24-1,"") -> -0.00063543412
A25: Great Eastern Shipping Co Ltd | B25: 1529.7 | C25: =IF(ISNUMBER(B25),B25,IF(ISNUMBER(E25),E25,IF(ISNUMBER(F25),F25,IF(ISNUMBER(G25),G25,IF(ISNUMBER(H25),H25,""))))) -> 1529.7 | D25: =IF(ISNUMBER(B25),IF(I25<>"",I25,"Manual override"),IF(ISNUMBER(E25),"Vidushi stmt – LTP 05.10",IF(ISNUMBER(F25),"Umesh stmt – NSE live 09.10",IF(ISNUMBER(G25),"Gautam stmt – 05.10",IF(ISNUMBER(H25),"DA stmt – older (stale)","No price on any statement"))))) -> Close 08.10.2026 (Screener.in) | E25: =IFERROR(INDEX('Vidushi Malhotra'!$M$7:$M$300,MATCH($A25,'Vidushi Malhotra'!$B$7:$B$300,0)),"") | F25: =IFERROR(INDEX('Dr Umesh Choudhry'!$M$7:$M$300,MATCH($A25,'Dr Umesh Choudhry'!$B$7:$B$300,0)),"") | G25: =IFERROR(INDEX(Gautam!$M$7:$M$300,MATCH($A25,Gautam!$B$7:$B$300,0)),"") | H25: =IFERROR(INDEX(DA!$M$7:$M$300,MATCH($A25,DA!$B$7:$B$300,0)),"") -> 1412 | I25: Close 08.10.2026 (Screener.in) | J25: 1567.9 | K25: =IF(AND(ISNUMBER(B25),ISNUMBER(J25),N(J25)>0),B25/J25-1,"") -> -0.024363799
A26: Gujarat Energy | B26: 219.86 | C26: =IF(ISNUMBER(B26),B26,IF(ISNUMBER(E26),E26,IF(ISNUMBER(F26),F26,IF(ISNUMBER(G26),G26,IF(ISNUMBER(H26),H26,""))))) -> 219.86 | D26: =IF(ISNUMBER(B26),IF(I26<>"",I26,"Manual override"),IF(ISNUMBER(E26),"Vidushi stmt – LTP 05.10",IF(ISNUMBER(F26),"Umesh stmt – NSE live 09.10",IF(ISNUMBER(G26),"Gautam stmt – 05.10",IF(ISNUMBER(H26),"DA stmt – older (stale)","No price on any statement"))))) -> Close 08.10.2026 (Screener.in) | E26: =IFERROR(INDEX('Vidushi Malhotra'!$M$7:$M$300,MATCH($A26,'Vidushi Malhotra'!$B$7:$B$300,0)),"") | F26: =IFERROR(INDEX('Dr Umesh Choudhry'!$M$7:$M$300,MATCH($A26,'Dr Umesh Choudhry'!$B$7:$B$300,0)),"") | G26: =IFERROR(INDEX(Gautam!$M$7:$M$300,MATCH($A26,Gautam!$B$7:$B$300,0)),"") | H26: =IFERROR(INDEX(DA!$M$7:$M$300,MATCH($A26,DA!$B$7:$B$300,0)),"") -> 242 | I26: Close 08.10.2026 (Screener.in) | J26: 228.48 | K26: =IF(AND(ISNUMBER(B26),ISNUMBER(J26),N(J26)>0),B26/J26-1,"") -> -0.037727591
A27: HCL Technologies Ltd | B27: 1176.9 | C27: =IF(ISNUMBER(B27),B27,IF(ISNUMBER(E27),E27,IF(ISNUMBER(F27),F27,IF(ISNUMBER(G27),G27,IF(ISNUMBER(H27),H27,""))))) -> 1176.9 | D27: =IF(ISNUMBER(B27),IF(I27<>"",I27,"Manual override"),IF(ISNUMBER(E27),"Vidushi stmt – LTP 05.10",IF(ISNUMBER(F27),"Umesh stmt – NSE live 09.10",IF(ISNUMBER(G27),"Gautam stmt – 05.10",IF(ISNUMBER(H27),"DA stmt – older (stale)","No price on any statement"))))) -> Close 08.10.2026 (Screener.in) | E27: =IFERROR(INDEX('Vidushi Malhotra'!$M$7:$M$300,MATCH($A27,'Vidushi Malhotra'!$B$7:$B$300,0)),"") -> 1201.6667 | F27: =IFERROR(INDEX('Dr Umesh Choudhry'!$M$7:$M$300,MATCH($A27,'Dr Umesh Choudhry'!$B$7:$B$300,0)),"") | G27: =IFERROR(INDEX(Gautam!$M$7:$M$300,MATCH($A27,Gautam!$B$7:$B$300,0)),"") | H27: =IFERROR(INDEX(DA!$M$7:$M$300,MATCH($A27,DA!$B$7:$B$300,0)),"") -> 1206 | I27: Close 08.10.2026 (Screener.in) | J27: 1185 | K27: =IF(AND(ISNUMBER(B27),ISNUMBER(J27),N(J27)>0),B27/J27-1,"") -> -0.006835443
A28: HDFC Bank Ltd | B28: 692.25 | C28: =IF(ISNUMBER(B28),B28,IF(ISNUMBER(E28),E28,IF(ISNUMBER(F28),F28,IF(ISNUMBER(G28),G28,IF(ISNUMBER(H28),H28,""))))) -> 692.25 | D28: =IF(ISNUMBER(B28),IF(I28<>"",I28,"Manual override"),IF(ISNUMBER(E28),"Vidushi stmt – LTP 05.10",IF(ISNUMBER(F28),"Umesh stmt – NSE live 09.10",IF(ISNUMBER(G28),"Gautam stmt – 05.10",IF(ISNUMBER(H28),"DA stmt – older (stale)","No price on any statement"))))) -> Close 08.10.2026 (Screener.in) | E28: =IFERROR(INDEX('Vidushi Malhotra'!$M$7:$M$300,MATCH($A28,'Vidushi Malhotra'!$B$7:$B$300,0)),"") -> 707.7619 | F28: =IFERROR(INDEX('Dr Umesh Choudhry'!$M$7:$M$300,MATCH($A28,'Dr Umesh Choudhry'!$B$7:$B$300,0)),"") -> 702.15007 | G28: =IFERROR(INDEX(Gautam!$M$7:$M$300,MATCH($A28,Gautam!$B$7:$B$300,0)),"") -> 707 | H28: =IFERROR(INDEX(DA!$M$7:$M$300,MATCH($A28,DA!$B$7:$B$300,0)),"") -> 708 | I28: Close 08.10.2026 (Screener.in) | J28: 702.75 | K28: =IF(AND(ISNUMBER(B28),ISNUMBER(J28),N(J28)>0),B28/J28-1,"") -> -0.014941302
A29: HDFC Gold ETF | C29: =IF(ISNUMBER(B29),B29,IF(ISNUMBER(E29),E29,IF(ISNUMBER(F29),F29,IF(ISNUMBER(G29),G29,IF(ISNUMBER(H29),H29,""))))) -> 127 | D29: =IF(ISNUMBER(B29),IF(I29<>"",I29,"Manual override"),IF(ISNUMBER(E29),"Vidushi stmt – LTP 05.10",IF(ISNUMBER(F29),"Umesh stmt – NSE live 09.10",IF(ISNUMBER(G29),"Gautam stmt – 05.10",IF(ISNUMBER(H29),"DA stmt – older (stale)","No price on any statement"))))) -> Gautam stmt – 05.10 | E29: =IFERROR(INDEX('Vidushi Malhotra'!$M$7:$M$300,MATCH($A29,'Vidushi Malhotra'!$B$7:$B$300,0)),"") | F29: =IFERROR(INDEX('Dr Umesh Choudhry'!$M$7:$M$300,MATCH($A29,'Dr Umesh Choudhry'!$B$7:$B$300,0)),"") | G29: =IFERROR(INDEX(Gautam!$M$7:$M$300,MATCH($A29,Gautam!$B$7:$B$300,0)),"") -> 127 | H29: =IFERROR(INDEX(DA!$M$7:$M$300,MATCH($A29,DA!$B$7:$B$300,0)),"") -> 129 | I29: No exchange close found – statement price used | K29: =IF(AND(ISNUMBER(B29),ISNUMBER(J29),N(J29)>0),B29/J29-1,"")
A30: HUDCO Ltd | B30: 156.99 | C30: =IF(ISNUMBER(B30),B30,IF(ISNUMBER(E30),E30,IF(ISNUMBER(F30),F30,IF(ISNUMBER(G30),G30,IF(ISNUMBER(H30),H30,""))))) -> 156.99 | D30: =IF(ISNUMBER(B30),IF(I30<>"",I30,"Manual override"),IF(ISNUMBER(E30),"Vidushi stmt – LTP 05.10",IF(ISNUMBER(F30),"Umesh stmt – NSE live 09.10",IF(ISNUMBER(G30),"Gautam stmt – 05.10",IF(ISNUMBER(H30),"DA stmt – older (stale)","No price on any statement"))))) -> Close 08.10.2026 (Screener.in) | E30: =IFERROR(INDEX('Vidushi Malhotra'!$M$7:$M$300,MATCH($A30,'Vidushi Malhotra'!$B$7:$B$300,0)),"") | F30: =IFERROR(INDEX('Dr Umesh Choudhry'!$M$7:$M$300,MATCH($A30,'Dr Umesh Choudhry'!$B$7:$B$300,0)),"") | G30: =IFERROR(INDEX(Gautam!$M$7:$M$300,MATCH($A30,Gautam!$B$7:$B$300,0)),"") | H30: =IFERROR(INDEX(DA!$M$7:$M$300,MATCH($A30,DA!$B$7:$B$300,0)),"") -> 173 | I30: Close 08.10.2026 (Screener.in) | J30: 161.79 | K30: =IF(AND(ISNUMBER(B30),ISNUMBER(J30),N(J30)>0),B30/J30-1,"") -> -0.029668088
A31: Indian Energy Exchange Ltd | B31: 103.75 | C31: =IF(ISNUMBER(B31),B31,IF(ISNUMBER(E31),E31,IF(ISNUMBER(F31),F31,IF(ISNUMBER(G31),G31,IF(ISNUMBER(H31),H31,""))))) -> 103.75 | D31: =IF(ISNUMBER(B31),IF(I31<>"",I31,"Manual override"),IF(ISNUMBER(E31),"Vidushi stmt – LTP 05.10",IF(ISNUMBER(F31),"Umesh stmt – NSE live 09.10",IF(ISNUMBER(G31),"Gautam stmt – 05.10",IF(ISNUMBER(H31),"DA stmt – older (stale)","No price on any statement"))))) -> Close 08.10.2026 (Screener.in) | E31: =IFERROR(INDEX('Vidushi Malhotra'!$M$7:$M$300,MATCH($A31,'Vidushi Malhotra'!$B$7:$B$300,0)),"") | F31: =IFERROR(INDEX('Dr Umesh Choudhry'!$M$7:$M$300,MATCH($A31,'Dr Umesh Choudhry'!$B$7:$B$300,0)),"") | G31: =IFERROR(INDEX(Gautam!$M$7:$M$300,MATCH($A31,Gautam!$B$7:$B$300,0)),"") | H31: =IFERROR(INDEX(DA!$M$7:$M$300,MATCH($A31,DA!$B$7:$B$300,0)),"") -> 114 | I31: Close 08.10.2026 (Screener.in) | J31: 105.85 | K31: =IF(AND(ISNUMBER(B31),ISNUMBER(J31),N(J31)>0),B31/J31-1,"") -> -0.019839395
A32: Indian Railway Finance Corp Ltd | B32: 74.3 | C32: =IF(ISNUMBER(B32),B32,IF(ISNUMBER(E32),E32,IF(ISNUMBER(F32),F32,IF(ISNUMBER(G32),G32,IF(ISNUMBER(H32),H32,""))))) -> 74.3 | D32: =IF(ISNUMBER(B32),IF(I32<>"",I32,"Manual override"),IF(ISNUMBER(E32),"Vidushi stmt – LTP 05.10",IF(ISNUMBER(F32),"Umesh stmt – NSE live 09.10",IF(ISNUMBER(G32),"Gautam stmt – 05.10",IF(ISNUMBER(H32),"DA stmt – older (stale)","No price on any statement"))))) -> Close 08.10.2026 (Screener.in) | E32: =IFERROR(INDEX('Vidushi Malhotra'!$M$7:$M$300,MATCH($A32,'Vidushi Malhotra'!$B$7:$B$300,0)),"") | F32: =IFERROR(INDEX('Dr Umesh Choudhry'!$M$7:$M$300,MATCH($A32,'Dr Umesh Choudhry'!$B$7:$B$300,0)),"") | G32: =IFERROR(INDEX(Gautam!$M$7:$M$300,MATCH($A32,Gautam!$B$7:$B$300,0)),"") | H32: =IFERROR(INDEX(DA!$M$7:$M$300,MATCH($A32,DA!$B$7:$B$300,0)),"") -> 81 | I32: Close 08.10.2026 (Screener.in) | J32: 76.15 | K32: =IF(AND(ISNUMBER(B32),ISNUMBER(J32),N(J32)>0),B32/J32-1,"") -> -0.024294156
A33: Indraprastha Gas Ltd | B33: 142.03 | C33: =IF(ISNUMBER(B33),B33,IF(ISNUMBER(E33),E33,IF(ISNUMBER(F33),F33,IF(ISNUMBER(G33),G33,IF(ISNUMBER(H33),H33,""))))) -> 142.03 | D33: =IF(ISNUMBER(B33),IF(I33<>"",I33,"Manual override"),IF(ISNUMBER(E33),"Vidushi stmt – LTP 05.10",IF(ISNUMBER(F33),"Umesh stmt – NSE live 09.10",IF(ISNUMBER(G33),"Gautam stmt – 05.10",IF(ISNUMBER(H33),"DA stmt – older (stale)","No price on any statement"))))) -> Close 08.10.2026 (Screener.in) | E33: =IFERROR(INDEX('Vidushi Malhotra'!$M$7:$M$300,MATCH($A33,'Vidushi Malhotra'!$B$7:$B$300,0)),"") | F33: =IFERROR(INDEX('Dr Umesh Choudhry'!$M$7:$M$300,MATCH($A33,'Dr Umesh Choudhry'!$B$7:$B$300,0)),"") | G33: =IFERROR(INDEX(Gautam!$M$7:$M$300,MATCH($A33,Gautam!$B$7:$B$300,0)),"") | H33: =IFERROR(INDEX(DA!$M$7:$M$300,MATCH($A33,DA!$B$7:$B$300,0)),"") -> 152 | I33: Close 08.10.2026 (Screener.in) | J33: 146.35 | K33: =IF(AND(ISNUMBER(B33),ISNUMBER(J33),N(J33)>0),B33/J33-1,"") -> -0.029518278
A34: Indus Towers Ltd | B34: 373 | C34: =IF(ISNUMBER(B34),B34,IF(ISNUMBER(E34),E34,IF(ISNUMBER(F34),F34,IF(ISNUMBER(G34),G34,IF(ISNUMBER(H34),H34,""))))) -> 373 | D34: =IF(ISNUMBER(B34),IF(I34<>"",I34,"Manual override"),IF(ISNUMBER(E34),"Vidushi stmt – LTP 05.10",IF(ISNUMBER(F34),"Umesh stmt – NSE live 09.10",IF(ISNUMBER(G34),"Gautam stmt – 05.10",IF(ISNUMBER(H34),"DA stmt – older (stale)","No price on any statement"))))) -> Close 08.10.2026 (Screener.in) | E34: =IFERROR(INDEX('Vidushi Malhotra'!$M$7:$M$300,MATCH($A34,'Vidushi Malhotra'!$B$7:$B$300,0)),"") | F34: =IFERROR(INDEX('Dr Umesh Choudhry'!$M$7:$M$300,MATCH($A34,'Dr Umesh Choudhry'!$B$7:$B$300,0)),"") | G34: =IFERROR(INDEX(Gautam!$M$7:$M$300,MATCH($A34,Gautam!$B$7:$B$300,0)),"") | H34: =IFERROR(INDEX(DA!$M$7:$M$300,MATCH($A34,DA!$B$7:$B$300,0)),"") -> 388 | I34: Close 08.10.2026 (Screener.in) | J34: 385.05 | K34: =IF(AND(ISNUMBER(B34),ISNUMBER(J34),N(J34)>0),B34/J34-1,"") -> -0.031294637
A35: InterGlobe Aviation Ltd (IndiGo) | B35: 4813.1 | C35: =IF(ISNUMBER(B35),B35,IF(ISNUMBER(E35),E35,IF(ISNUMBER(F35),F35,IF(ISNUMBER(G35),G35,IF(ISNUMBER(H35),H35,""))))) -> 4813.1 | D35: =IF(ISNUMBER(B35),IF(I35<>"",I35,"Manual override"),IF(ISNUMBER(E35),"Vidushi stmt – LTP 05.10",IF(ISNUMBER(F35),"Umesh stmt – NSE live 09.10",IF(ISNUMBER(G35),"Gautam stmt – 05.10",IF(ISNUMBER(H35),"DA stmt – older (stale)","No price on any statement"))))) -> Close 08.10.2026 (Screener.in) | E35: =IFERROR(INDEX('Vidushi Malhotra'!$M$7:$M$300,MATCH($A35,'Vidushi Malhotra'!$B$7:$B$300,0)),"") | F35: =IFERROR(INDEX('Dr Umesh Choudhry'!$M$7:$M$300,MATCH($A35,'Dr Umesh Choudhry'!$B$7:$B$300,0)),"") | G35: =IFERROR(INDEX(Gautam!$M$7:$M$300,MATCH($A35,Gautam!$B$7:$B$300,0)),"") -> 4930 | H35: =IFERROR(INDEX(DA!$M$7:$M$300,MATCH($A35,DA!$B$7:$B$300,0)),"") | I35: Close 08.10.2026 (Screener.in) | J35: 4990 | K35: =IF(AND(ISNUMBER(B35),ISNUMBER(J35),N(J35)>0),B35/J35-1,"") -> -0.035450902
A36: International Gemmological Institute (India) Ltd | B36: 307.05 | C36: =IF(ISNUMBER(B36),B36,IF(ISNUMBER(E36),E36,IF(ISNUMBER(F36),F36,IF(ISNUMBER(G36),G36,IF(ISNUMBER(H36),H36,""))))) -> 307.05 | D36: =IF(ISNUMBER(B36),IF(I36<>"",I36,"Manual override"),IF(ISNUMBER(E36),"Vidushi stmt – LTP 05.10",IF(ISNUMBER(F36),"Umesh stmt – NSE live 09.10",IF(ISNUMBER(G36),"Gautam stmt – 05.10",IF(ISNUMBER(H36),"DA stmt – older (stale)","No price on any statement"))))) -> Close 08.10.2026 (Screener.in) | E36: =IFERROR(INDEX('Vidushi Malhotra'!$M$7:$M$300,MATCH($A36,'Vidushi Malhotra'!$B$7:$B$300,0)),"") | F36: =IFERROR(INDEX('Dr Umesh Choudhry'!$M$7:$M$300,MATCH($A36,'Dr Umesh Choudhry'!$B$7:$B$300,0)),"") | G36: =IFERROR(INDEX(Gautam!$M$7:$M$300,MATCH($A36,Gautam!$B$7:$B$300,0)),"") -> 314 | H36: =IFERROR(INDEX(DA!$M$7:$M$300,MATCH($A36,DA!$B$7:$B$300,0)),"") | I36: Close 08.10.2026 (Screener.in) | J36: 317.05 | K36: =IF(AND(ISNUMBER(B36),ISNUMBER(J36),N(J36)>0),B36/J36-1,"") -> -0.031540766
A37: Jio Financial Services Ltd | B37: 211 | C37: =IF(ISNUMBER(B37),B37,IF(ISNUMBER(E37),E37,IF(ISNUMBER(F37),F37,IF(ISNUMBER(G37),G37,IF(ISNUMBER(H37),H37,""))))) -> 211 | D37: =IF(ISNUMBER(B37),IF(I37<>"",I37,"Manual override"),IF(ISNUMBER(E37),"Vidushi stmt – LTP 05.10",IF(ISNUMBER(F37),"Umesh stmt – NSE live 09.10",IF(ISNUMBER(G37),"Gautam stmt – 05.10",IF(ISNUMBER(H37),"DA stmt – older (stale)","No price on any statement"))))) -> Close 08.10.2026 (Screener.in) | E37: =IFERROR(INDEX('Vidushi Malhotra'!$M$7:$M$300,MATCH($A37,'Vidushi Malhotra'!$B$7:$B$300,0)),"") | F37: =IFERROR(INDEX('Dr Umesh Choudhry'!$M$7:$M$300,MATCH($A37,'Dr Umesh Choudhry'!$B$7:$B$300,0)),"") | G37: =IFERROR(INDEX(Gautam!$M$7:$M$300,MATCH($A37,Gautam!$B$7:$B$300,0)),"") | H37: =IFERROR(INDEX(DA!$M$7:$M$300,MATCH($A37,DA!$B$7:$B$300,0)),"") -> 230 | I37: Close 08.10.2026 (Screener.in) | J37: 216.44 | K37: =IF(AND(ISNUMBER(B37),ISNUMBER(J37),N(J37)>0),B37/J37-1,"") -> -0.025133986
A38: JK Tyre & Industries Ltd | B38: 330.25 | C38: =IF(ISNUMBER(B38),B38,IF(ISNUMBER(E38),E38,IF(ISNUMBER(F38),F38,IF(ISNUMBER(G38),G38,IF(ISNUMBER(H38),H38,""))))) -> 330.25 | D38: =IF(ISNUMBER(B38),IF(I38<>"",I38,"Manual override"),IF(ISNUMBER(E38),"Vidushi stmt – LTP 05.10",IF(ISNUMBER(F38),"Umesh stmt – NSE live 09.10",IF(ISNUMBER(G38),"Gautam stmt – 05.10",IF(ISNUMBER(H38),"DA stmt – older (stale)","No price on any statement"))))) -> Close 08.10.2026 (Screener.in) | E38: =IFERROR(INDEX('Vidushi Malhotra'!$M$7:$M$300,MATCH($A38,'Vidushi Malhotra'!$B$7:$B$300,0)),"") | F38: =IFERROR(INDEX('Dr Umesh Choudhry'!$M$7:$M$300,MATCH($A38,'Dr Umesh Choudhry'!$B$7:$B$300,0)),"") | G38: =IFERROR(INDEX(Gautam!$M$7:$M$300,MATCH($A38,Gautam!$B$7:$B$300,0)),"") | H38: =IFERROR(INDEX(DA!$M$7:$M$300,MATCH($A38,DA!$B$7:$B$300,0)),"") -> 354 | I38: Close 08.10.2026 (Screener.in) | J38: 333.4 | K38: =IF(AND(ISNUMBER(B38),ISNUMBER(J38),N(J38)>0),B38/J38-1,"") -> -0.0094481104
A39: L&T Technology Services Ltd | B39: 3176.6 | C39: =IF(ISNUMBER(B39),B39,IF(ISNUMBER(E39),E39,IF(ISNUMBER(F39),F39,IF(ISNUMBER(G39),G39,IF(ISNUMBER(H39),H39,""))))) -> 3176.6 | D39: =IF(ISNUMBER(B39),IF(I39<>"",I39,"Manual override"),IF(ISNUMBER(E39),"Vidushi stmt – LTP 05.10",IF(ISNUMBER(F39),"Umesh stmt – NSE live 09.10",IF(ISNUMBER(G39),"Gautam stmt – 05.10",IF(ISNUMBER(H39),"DA stmt – older (stale)","No price on any statement"))))) -> Close 08.10.2026 (Screener.in) | E39: =IFERROR(INDEX('Vidushi Malhotra'!$M$7:$M$300,MATCH($A39,'Vidushi Malhotra'!$B$7:$B$300,0)),"") -> 3219 | F39: =IFERROR(INDEX('Dr Umesh Choudhry'!$M$7:$M$300,MATCH($A39,'Dr Umesh Choudhry'!$B$7:$B$300,0)),"") -> 3202.5 | G39: =IFERROR(INDEX(Gautam!$M$7:$M$300,MATCH($A39,Gautam!$B$7:$B$300,0)),"") -> 3268 | H39: =IFERROR(INDEX(DA!$M$7:$M$300,MATCH($A39,DA!$B$7:$B$300,0)),"") -> 3337 | I39: Close 08.10.2026 (Screener.in) | J39: 3252.1 | K39: =IF(AND(ISNUMBER(B39),ISNUMBER(J39),N(J39)>0),B39/J39-1,"") -> -0.023215768
A40: LTM Ltd (formerly LTIMindtree) | B40: 3915 | C40: =IF(ISNUMBER(B40),B40,IF(ISNUMBER(E40),E40,IF(ISNUMBER(F40),F40,IF(ISNUMBER(G40),G40,IF(ISNUMBER(H40),H40,""))))) -> 3915 | D40: =IF(ISNUMBER(B40),IF(I40<>"",I40,"Manual override"),IF(ISNUMBER(E40),"Vidushi stmt – LTP 05.10",IF(ISNUMBER(F40),"Umesh stmt – NSE live 09.10",IF(ISNUMBER(G40),"Gautam stmt – 05.10",IF(ISNUMBER(H40),"DA stmt – older (stale)","No price on any statement"))))) -> Close 08.10.2026 (Screener.in) | E40: =IFERROR(INDEX('Vidushi Malhotra'!$M$7:$M$300,MATCH($A40,'Vidushi Malhotra'!$B$7:$B$300,0)),"") -> 3986 | F40: =IFERROR(INDEX('Dr Umesh Choudhry'!$M$7:$M$300,MATCH($A40,'Dr Umesh Choudhry'!$B$7:$B$300,0)),"") -> 4036.8919 | G40: =IFERROR(INDEX(Gautam!$M$7:$M$300,MATCH($A40,Gautam!$B$7:$B$300,0)),"") -> 4007 | H40: =IFERROR(INDEX(DA!$M$7:$M$300,MATCH($A40,DA!$B$7:$B$300,0)),"") -> 4275 | I40: Close 08.10.2026 (Screener.in) | J40: 3930 | K40: =IF(AND(ISNUMBER(B40),ISNUMBER(J40),N(J40)>0),B40/J40-1,"") -> -0.0038167939
A41: Moschip Technologies Ltd | B41: 186.71 | C41: =IF(ISNUMBER(B41),B41,IF(ISNUMBER(E41),E41,IF(ISNUMBER(F41),F41,IF(ISNUMBER(G41),G41,IF(ISNUMBER(H41),H41,""))))) -> 186.71 | D41: =IF(ISNUMBER(B41),IF(I41<>"",I41,"Manual override"),IF(ISNUMBER(E41),"Vidushi stmt – LTP 05.10",IF(ISNUMBER(F41),"Umesh stmt – NSE live 09.10",IF(ISNUMBER(G41),"Gautam stmt – 05.10",IF(ISNUMBER(H41),"DA stmt – older (stale)","No price on any statement"))))) -> Close 08.10.2026 (Screener.in) | E41: =IFERROR(INDEX('Vidushi Malhotra'!$M$7:$M$300,MATCH($A41,'Vidushi Malhotra'!$B$7:$B$300,0)),"") | F41: =IFERROR(INDEX('Dr Umesh Choudhry'!$M$7:$M$300,MATCH($A41,'Dr Umesh Choudhry'!$B$7:$B$300,0)),"") | G41: =IFERROR(INDEX(Gautam!$M$7:$M$300,MATCH($A41,Gautam!$B$7:$B$300,0)),"") | H41: =IFERROR(INDEX(DA!$M$7:$M$300,MATCH($A41,DA!$B$7:$B$300,0)),"") -> 210 | I41: Close 08.10.2026 (Screener.in) | J41: 195.2 | K41: =IF(AND(ISNUMBER(B41),ISNUMBER(J41),N(J41)>0),B41/J41-1,"") -> -0.043493852
A42: NCC Ltd | B42: 119.93 | C42: =IF(ISNUMBER(B42),B42,IF(ISNUMBER(E42),E42,IF(ISNUMBER(F42),F42,IF(ISNUMBER(G42),G42,IF(ISNUMBER(H42),H42,""))))) -> 119.93 | D42: =IF(ISNUMBER(B42),IF(I42<>"",I42,"Manual override"),IF(ISNUMBER(E42),"Vidushi stmt – LTP 05.10",IF(ISNUMBER(F42),"Umesh stmt – NSE live 09.10",IF(ISNUMBER(G42),"Gautam stmt – 05.10",IF(ISNUMBER(H42),"DA stmt – older (stale)","No price on any statement"))))) -> Close 08.10.2026 (Screener.in) | E42: =IFERROR(INDEX('Vidushi Malhotra'!$M$7:$M$300,MATCH($A42,'Vidushi Malhotra'!$B$7:$B$300,0)),"") | F42: =IFERROR(INDEX('Dr Umesh Choudhry'!$M$7:$M$300,MATCH($A42,'Dr Umesh Choudhry'!$B$7:$B$300,0)),"") | G42: =IFERROR(INDEX(Gautam!$M$7:$M$300,MATCH($A42,Gautam!$B$7:$B$300,0)),"") | H42: =IFERROR(INDEX(DA!$M$7:$M$300,MATCH($A42,DA!$B$7:$B$300,0)),"") -> 141 | I42: Close 08.10.2026 (Screener.in) | J42: 126.88 | K42: =IF(AND(ISNUMBER(B42),ISNUMBER(J42),N(J42)>0),B42/J42-1,"") -> -0.054776166
A43: NEPC Agro Foods Ltd | C43: =IF(ISNUMBER(B43),B43,IF(ISNUMBER(E43),E43,IF(ISNUMBER(F43),F43,IF(ISNUMBER(G43),G43,IF(ISNUMBER(H43),H43,""))))) | D43: =IF(ISNUMBER(B43),IF(I43<>"",I43,"Manual override"),IF(ISNUMBER(E43),"Vidushi stmt – LTP 05.10",IF(ISNUMBER(F43),"Umesh stmt – NSE live 09.10",IF(ISNUMBER(G43),"Gautam stmt – 05.10",IF(ISNUMBER(H43),"DA stmt – older (stale)","No price on any statement"))))) -> No price on any statement | E43: =IFERROR(INDEX('Vidushi Malhotra'!$M$7:$M$300,MATCH($A43,'Vidushi Malhotra'!$B$7:$B$300,0)),"") | F43: =IFERROR(INDEX('Dr Umesh Choudhry'!$M$7:$M$300,MATCH($A43,'Dr Umesh Choudhry'!$B$7:$B$300,0)),"") | G43: =IFERROR(INDEX(Gautam!$M$7:$M$300,MATCH($A43,Gautam!$B$7:$B$300,0)),"") | H43: =IFERROR(INDEX(DA!$M$7:$M$300,MATCH($A43,DA!$B$7:$B$300,0)),"") | I43: No exchange close found – statement price used | K43: =IF(AND(ISNUMBER(B43),ISNUMBER(J43),N(J43)>0),B43/J43-1,"")
A44: Nestle India Ltd | B44: 1319 | C44: =IF(ISNUMBER(B44),B44,IF(ISNUMBER(E44),E44,IF(ISNUMBER(F44),F44,IF(ISNUMBER(G44),G44,IF(ISNUMBER(H44),H44,""))))) -> 1319 | D44: =IF(ISNUMBER(B44),IF(I44<>"",I44,"Manual override"),IF(ISNUMBER(E44),"Vidushi stmt – LTP 05.10",IF(ISNUMBER(F44),"Umesh stmt – NSE live 09.10",IF(ISNUMBER(G44),"Gautam stmt – 05.10",IF(ISNUMBER(H44),"DA stmt – older (stale)","No price on any statement"))))) -> Close 08.10.2026 (Screener.in) | E44: =IFERROR(INDEX('Vidushi Malhotra'!$M$7:$M$300,MATCH($A44,'Vidushi Malhotra'!$B$7:$B$300,0)),"") | F44: =IFERROR(INDEX('Dr Umesh Choudhry'!$M$7:$M$300,MATCH($A44,'Dr Umesh Choudhry'!$B$7:$B$300,0)),"") -> 1325 | G44: =IFERROR(INDEX(Gautam!$M$7:$M$300,MATCH($A44,Gautam!$B$7:$B$300,0)),"") -> 1308 | H44: =IFERROR(INDEX(DA!$M$7:$M$300,MATCH($A44,DA!$B$7:$B$300,0)),"") -> 1383 | I44: Close 08.10.2026 (Screener.in) | J44: 1324 | K44: =IF(AND(ISNUMBER(B44),ISNUMBER(J44),N(J44)>0),B44/J44-1,"") -> -0.003776435
A45: Nippon India ETF Gold BeES | C45: =IF(ISNUMBER(B45),B45,IF(ISNUMBER(E45),E45,IF(ISNUMBER(F45),F45,IF(ISNUMBER(G45),G45,IF(ISNUMBER(H45),H45,""))))) -> 121 | D45: =IF(ISNUMBER(B45),IF(I45<>"",I45,"Manual override"),IF(ISNUMBER(E45),"Vidushi stmt – LTP 05.10",IF(ISNUMBER(F45),"Umesh stmt – NSE live 09.10",IF(ISNUMBER(G45),"Gautam stmt – 05.10",IF(ISNUMBER(H45),"DA stmt – older (stale)","No price on any statement"))))) -> Vidushi stmt – LTP 05.10 | E45: =IFERROR(INDEX('Vidushi Malhotra'!$M$7:$M$300,MATCH($A45,'Vidushi Malhotra'!$B$7:$B$300,0)),"") -> 121 | F45: =IFERROR(INDEX('Dr Umesh Choudhry'!$M$7:$M$300,MATCH($A45,'Dr Umesh Choudhry'!$B$7:$B$300,0)),"") | G45: =IFERROR(INDEX(Gautam!$M$7:$M$300,MATCH($A45,Gautam!$B$7:$B$300,0)),"") -> 123 | H45: =IFERROR(INDEX(DA!$M$7:$M$300,MATCH($A45,DA!$B$7:$B$300,0)),"") | I45: No exchange close found – statement price used | K45: =IF(AND(ISNUMBER(B45),ISNUMBER(J45),N(J45)>0),B45/J45-1,"")
A46: Nippon India ETF Nifty 1D Rate Liquid BeES | C46: =IF(ISNUMBER(B46),B46,IF(ISNUMBER(E46),E46,IF(ISNUMBER(F46),F46,IF(ISNUMBER(G46),G46,IF(ISNUMBER(H46),H46,""))))) -> 1000 | D46: =IF(ISNUMBER(B46),IF(I46<>"",I46,"Manual override"),IF(ISNUMBER(E46),"Vidushi stmt – LTP 05.10",IF(ISNUMBER(F46),"Umesh stmt – NSE live 09.10",IF(ISNUMBER(G46),"Gautam stmt – 05.10",IF(ISNUMBER(H46),"DA stmt – older (stale)","No price on any statement"))))) -> Gautam stmt – 05.10 | E46: =IFERROR(INDEX('Vidushi Malhotra'!$M$7:$M$300,MATCH($A46,'Vidushi Malhotra'!$B$7:$B$300,0)),"") | F46: =IFERROR(INDEX('Dr Umesh Choudhry'!$M$7:$M$300,MATCH($A46,'Dr Umesh Choudhry'!$B$7:$B$300,0)),"") | G46: =IFERROR(INDEX(Gautam!$M$7:$M$300,MATCH($A46,Gautam!$B$7:$B$300,0)),"") -> 1000 | H46: =IFERROR(INDEX(DA!$M$7:$M$300,MATCH($A46,DA!$B$7:$B$300,0)),"") | I46: No exchange close found – statement price used | K46: =IF(AND(ISNUMBER(B46),ISNUMBER(J46),N(J46)>0),B46/J46-1,"")
A47: Nippon India ETF Nifty 50 BeES | C47: =IF(ISNUMBER(B47),B47,IF(ISNUMBER(E47),E47,IF(ISNUMBER(F47),F47,IF(ISNUMBER(G47),G47,IF(ISNUMBER(H47),H47,""))))) -> 257 | D47: =IF(ISNUMBER(B47),IF(I47<>"",I47,"Manual override"),IF(ISNUMBER(E47),"Vidushi stmt – LTP 05.10",IF(ISNUMBER(F47),"Umesh stmt – NSE live 09.10",IF(ISNUMBER(G47),"Gautam stmt – 05.10",IF(ISNUMBER(H47),"DA stmt – older (stale)","No price on any statement"))))) -> Vidushi stmt – LTP 05.10 | E47: =IFERROR(INDEX('Vidushi Malhotra'!$M$7:$M$300,MATCH($A47,'Vidushi Malhotra'!$B$7:$B$300,0)),"") -> 257 | F47: =IFERROR(INDEX('Dr Umesh Choudhry'!$M$7:$M$300,MATCH($A47,'Dr Umesh Choudhry'!$B$7:$B$300,0)),"") | G47: =IFERROR(INDEX(Gautam!$M$7:$M$300,MATCH($A47,Gautam!$B$7:$B$300,0)),"") | H47: =IFERROR(INDEX(DA!$M$7:$M$300,MATCH($A47,DA!$B$7:$B$300,0)),"") | I47: No exchange close found – statement price used | K47: =IF(AND(ISNUMBER(B47),ISNUMBER(J47),N(J47)>0),B47/J47-1,"")
A48: NTPC Green Energy Ltd | B48: 90.8 | C48: =IF(ISNUMBER(B48),B48,IF(ISNUMBER(E48),E48,IF(ISNUMBER(F48),F48,IF(ISNUMBER(G48),G48,IF(ISNUMBER(H48),H48,""))))) -> 90.8 | D48: =IF(ISNUMBER(B48),IF(I48<>"",I48,"Manual override"),IF(ISNUMBER(E48),"Vidushi stmt – LTP 05.10",IF(ISNUMBER(F48),"Umesh stmt – NSE live 09.10",IF(ISNUMBER(G48),"Gautam stmt – 05.10",IF(ISNUMBER(H48),"DA stmt – older (stale)","No price on any statement"))))) -> Close 08.10.2026 (Screener.in) | E48: =IFERROR(INDEX('Vidushi Malhotra'!$M$7:$M$300,MATCH($A48,'Vidushi Malhotra'!$B$7:$B$300,0)),"") | F48: =IFERROR(INDEX('Dr Umesh Choudhry'!$M$7:$M$300,MATCH($A48,'Dr Umesh Choudhry'!$B$7:$B$300,0)),"") | G48: =IFERROR(INDEX(Gautam!$M$7:$M$300,MATCH($A48,Gautam!$B$7:$B$300,0)),"") | H48: =IFERROR(INDEX(DA!$M$7:$M$300,MATCH($A48,DA!$B$7:$B$300,0)),"") -> 87 | I48: Close 08.10.2026 (Screener.in) | J48: 88.51 | K48: =IF(AND(ISNUMBER(B48),ISNUMBER(J48),N(J48)>0),B48/J48-1,"") -> 0.025872783
A49: Orient Cement Ltd | B49: 110.08 | C49: =IF(ISNUMBER(B49),B49,IF(ISNUMBER(E49),E49,IF(ISNUMBER(F49),F49,IF(ISNUMBER(G49),G49,IF(ISNUMBER(H49),H49,""))))) -> 110.08 | D49: =IF(ISNUMBER(B49),IF(I49<>"",I49,"Manual override"),IF(ISNUMBER(E49),"Vidushi stmt – LTP 05.10",IF(ISNUMBER(F49),"Umesh stmt – NSE live 09.10",IF(ISNUMBER(G49),"Gautam stmt – 05.10",IF(ISNUMBER(H49),"DA stmt – older (stale)","No price on any statement"))))) -> Close 08.10.2026 (Screener.in) | E49: =IFERROR(INDEX('Vidushi Malhotra'!$M$7:$M$300,MATCH($A49,'Vidushi Malhotra'!$B$7:$B$300,0)),"") | F49: =IFERROR(INDEX('Dr Umesh Choudhry'!$M$7:$M$300,MATCH($A49,'Dr Umesh Choudhry'!$B$7:$B$300,0)),"") | G49: =IFERROR(INDEX(Gautam!$M$7:$M$300,MATCH($A49,Gautam!$B$7:$B$300,0)),"") | H49: =IFERROR(INDEX(DA!$M$7:$M$300,MATCH($A49,DA!$B$7:$B$300,0)),"") -> 126 | I49: Close 08.10.2026 (Screener.in) | J49: 113.21 | K49: =IF(AND(ISNUMBER(B49),ISNUMBER(J49),N(J49)>0),B49/J49-1,"") -> -0.027647734
A50: Orient Electric Ltd | B50: 162.95 | C50: =IF(ISNUMBER(B50),B50,IF(ISNUMBER(E50),E50,IF(ISNUMBER(F50),F50,IF(ISNUMBER(G50),G50,IF(ISNUMBER(H50),H50,""))))) -> 162.95 | D50: =IF(ISNUMBER(B50),IF(I50<>"",I50,"Manual override"),IF(ISNUMBER(E50),"Vidushi stmt – LTP 05.10",IF(ISNUMBER(F50),"Umesh stmt – NSE live 09.10",IF(ISNUMBER(G50),"Gautam stmt – 05.10",IF(ISNUMBER(H50),"DA stmt – older (stale)","No price on any statement"))))) -> Close 08.10.2026 (Screener.in) | E50: =IFERROR(INDEX('Vidushi Malhotra'!$M$7:$M$300,MATCH($A50,'Vidushi Malhotra'!$B$7:$B$300,0)),"") | F50: =IFERROR(INDEX('Dr Umesh Choudhry'!$M$7:$M$300,MATCH($A50,'Dr Umesh Choudhry'!$B$7:$B$300,0)),"") | G50: =IFERROR(INDEX(Gautam!$M$7:$M$300,MATCH($A50,Gautam!$B$7:$B$300,0)),"") -> 154 | H50: =IFERROR(INDEX(DA!$M$7:$M$300,MATCH($A50,DA!$B$7:$B$300,0)),"") | I50: Close 08.10.2026 (Screener.in) | J50: 160.73 | K50: =IF(AND(ISNUMBER(B50),ISNUMBER(J50),N(J50)>0),B50/J50-1,"") -> 0.013811983
A51: Persistent Systems Ltd | B51: 5468 | C51: =IF(ISNUMBER(B51),B51,IF(ISNUMBER(E51),E51,IF(ISNUMBER(F51),F51,IF(ISNUMBER(G51),G51,IF(ISNUMBER(H51),H51,""))))) -> 5468 | D51: =IF(ISNUMBER(B51),IF(I51<>"",I51,"Manual override"),IF(ISNUMBER(E51),"Vidushi stmt – LTP 05.10",IF(ISNUMBER(F51),"Umesh stmt – NSE live 09.10",IF(ISNUMBER(G51),"Gautam stmt – 05.10",IF(ISNUMBER(H51),"DA stmt – older (stale)","No price on any statement"))))) -> Close 08.10.2026 (Screener.in) | E51: =IFERROR(INDEX('Vidushi Malhotra'!$M$7:$M$300,MATCH($A51,'Vidushi Malhotra'!$B$7:$B$300,0)),"") | F51: =IFERROR(INDEX('Dr Umesh Choudhry'!$M$7:$M$300,MATCH($A51,'Dr Umesh Choudhry'!$B$7:$B$300,0)),"") -> 5625.5294 | G51: =IFERROR(INDEX(Gautam!$M$7:$M$300,MATCH($A51,Gautam!$B$7:$B$300,0)),"") -> 5544 | H51: =IFERROR(INDEX(DA!$M$7:$M$300,MATCH($A51,DA!$B$7:$B$300,0)),"") -> 5516 | I51: Close 08.10.2026 (Screener.in) | J51: 5507 | K51: =IF(AND(ISNUMBER(B51),ISNUMBER(J51),N(J51)>0),B51/J51-1,"") -> -0.0070818958
A52: Poonawalla Fincorp Ltd | B52: 437.9 | C52: =IF(ISNUMBER(B52),B52,IF(ISNUMBER(E52),E52,IF(ISNUMBER(F52),F52,IF(ISNUMBER(G52),G52,IF(ISNUMBER(H52),H52,""))))) -> 437.9 | D52: =IF(ISNUMBER(B52),IF(I52<>"",I52,"Manual override"),IF(ISNUMBER(E52),"Vidushi stmt – LTP 05.10",IF(ISNUMBER(F52),"Umesh stmt – NSE live 09.10",IF(ISNUMBER(G52),"Gautam stmt – 05.10",IF(ISNUMBER(H52),"DA stmt – older (stale)","No price on any statement"))))) -> Close 08.10.2026 (Screener.in) | E52: =IFERROR(INDEX('Vidushi Malhotra'!$M$7:$M$300,MATCH($A52,'Vidushi Malhotra'!$B$7:$B$300,0)),"") -> 450.60526 | F52: =IFERROR(INDEX('Dr Umesh Choudhry'!$M$7:$M$300,MATCH($A52,'Dr Umesh Choudhry'!$B$7:$B$300,0)),"") -> 442.79974 | G52: =IFERROR(INDEX(Gautam!$M$7:$M$300,MATCH($A52,Gautam!$B$7:$B$300,0)),"") -> 443 | H52: =IFERROR(INDEX(DA!$M$7:$M$300,MATCH($A52,DA!$B$7:$B$300,0)),"") -> 445 | I52: Close 08.10.2026 (Screener.in) | J52: 448.9 | K52: =IF(AND(ISNUMBER(B52),ISNUMBER(J52),N(J52)>0),B52/J52-1,"") -> -0.024504344
A53: PSL Ltd (formerly PSL Holdings Ltd) | C53: =IF(ISNUMBER(B53),B53,IF(ISNUMBER(E53),E53,IF(ISNUMBER(F53),F53,IF(ISNUMBER(G53),G53,IF(ISNUMBER(H53),H53,""))))) | D53: =IF(ISNUMBER(B53),IF(I53<>"",I53,"Manual override"),IF(ISNUMBER(E53),"Vidushi stmt – LTP 05.10",IF(ISNUMBER(F53),"Umesh stmt – NSE live 09.10",IF(ISNUMBER(G53),"Gautam stmt – 05.10",IF(ISNUMBER(H53),"DA stmt – older (stale)","No price on any statement"))))) -> No price on any statement | E53: =IFERROR(INDEX('Vidushi Malhotra'!$M$7:$M$300,MATCH($A53,'Vidushi Malhotra'!$B$7:$B$300,0)),"") | F53: =IFERROR(INDEX('Dr Umesh Choudhry'!$M$7:$M$300,MATCH($A53,'Dr Umesh Choudhry'!$B$7:$B$300,0)),"") | G53: =IFERROR(INDEX(Gautam!$M$7:$M$300,MATCH($A53,Gautam!$B$7:$B$300,0)),"") | H53: =IFERROR(INDEX(DA!$M$7:$M$300,MATCH($A53,DA!$B$7:$B$300,0)),"") | I53: No exchange close found – statement price used | K53: =IF(AND(ISNUMBER(B53),ISNUMBER(J53),N(J53)>0),B53/J53-1,"")
A54: Rategain Travel Technologies Ltd | B54: 830.95 | C54: =IF(ISNUMBER(B54),B54,IF(ISNUMBER(E54),E54,IF(ISNUMBER(F54),F54,IF(ISNUMBER(G54),G54,IF(ISNUMBER(H54),H54,""))))) -> 830.95 | D54: =IF(ISNUMBER(B54),IF(I54<>"",I54,"Manual override"),IF(ISNUMBER(E54),"Vidushi stmt – LTP 05.10",IF(ISNUMBER(F54),"Umesh stmt – NSE live 09.10",IF(ISNUMBER(G54),"Gautam stmt – 05.10",IF(ISNUMBER(H54),"DA stmt – older (stale)","No price on any statement"))))) -> Close 08.10.2026 (Screener.in) | E54: =IFERROR(INDEX('Vidushi Malhotra'!$M$7:$M$300,MATCH($A54,'Vidushi Malhotra'!$B$7:$B$300,0)),"") | F54: =IFERROR(INDEX('Dr Umesh Choudhry'!$M$7:$M$300,MATCH($A54,'Dr Umesh Choudhry'!$B$7:$B$300,0)),"") -> 840.875 | G54: =IFERROR(INDEX(Gautam!$M$7:$M$300,MATCH($A54,Gautam!$B$7:$B$300,0)),"") -> 841 | H54: =IFERROR(INDEX(DA!$M$7:$M$300,MATCH($A54,DA!$B$7:$B$300,0)),"") | I54: Close 08.10.2026 (Screener.in) | J54: 854.55 | K54: =IF(AND(ISNUMBER(B54),ISNUMBER(J54),N(J54)>0),B54/J54-1,"") -> -0.027616874
A55: REC Ltd | B55: 295 | C55: =IF(ISNUMBER(B55),B55,IF(ISNUMBER(E55),E55,IF(ISNUMBER(F55),F55,IF(ISNUMBER(G55),G55,IF(ISNUMBER(H55),H55,""))))) -> 295 | D55: =IF(ISNUMBER(B55),IF(I55<>"",I55,"Manual override"),IF(ISNUMBER(E55),"Vidushi stmt – LTP 05.10",IF(ISNUMBER(F55),"Umesh stmt – NSE live 09.10",IF(ISNUMBER(G55),"Gautam stmt – 05.10",IF(ISNUMBER(H55),"DA stmt – older (stale)","No price on any statement"))))) -> Close 08.10.2026 (Screener.in) | E55: =IFERROR(INDEX('Vidushi Malhotra'!$M$7:$M$300,MATCH($A55,'Vidushi Malhotra'!$B$7:$B$300,0)),"") | F55: =IFERROR(INDEX('Dr Umesh Choudhry'!$M$7:$M$300,MATCH($A55,'Dr Umesh Choudhry'!$B$7:$B$300,0)),"") | G55: =IFERROR(INDEX(Gautam!$M$7:$M$300,MATCH($A55,Gautam!$B$7:$B$300,0)),"") | H55: =IFERROR(INDEX(DA!$M$7:$M$300,MATCH($A55,DA!$B$7:$B$300,0)),"") -> 313 | I55: Close 08.10.2026 (Screener.in) | J55: 298.9 | K55: =IF(AND(ISNUMBER(B55),ISNUMBER(J55),N(J55)>0),B55/J55-1,"") -> -0.013047842
A56: Reliance Industries Ltd | B56: 1178 | C56: =IF(ISNUMBER(B56),B56,IF(ISNUMBER(E56),E56,IF(ISNUMBER(F56),F56,IF(ISNUMBER(G56),G56,IF(ISNUMBER(H56),H56,""))))) -> 1178 | D56: =IF(ISNUMBER(B56),IF(I56<>"",I56,"Manual override"),IF(ISNUMBER(E56),"Vidushi stmt – LTP 05.10",IF(ISNUMBER(F56),"Umesh stmt – NSE live 09.10",IF(ISNUMBER(G56),"Gautam stmt – 05.10",IF(ISNUMBER(H56),"DA stmt – older (stale)","No price on any statement"))))) -> Close 08.10.2026 (Screener.in) | E56: =IFERROR(INDEX('Vidushi Malhotra'!$M$7:$M$300,MATCH($A56,'Vidushi Malhotra'!$B$7:$B$300,0)),"") | F56: =IFERROR(INDEX('Dr Umesh Choudhry'!$M$7:$M$300,MATCH($A56,'Dr Umesh Choudhry'!$B$7:$B$300,0)),"") | G56: =IFERROR(INDEX(Gautam!$M$7:$M$300,MATCH($A56,Gautam!$B$7:$B$300,0)),"") | H56: =IFERROR(INDEX(DA!$M$7:$M$300,MATCH($A56,DA!$B$7:$B$300,0)),"") -> 1258 | I56: Close 08.10.2026 (Screener.in) | J56: 1207.7 | K56: =IF(AND(ISNUMBER(B56),ISNUMBER(J56),N(J56)>0),B56/J56-1,"") -> -0.0245922
A57: RITES Ltd | B57: 195.85 | C57: =IF(ISNUMBER(B57),B57,IF(ISNUMBER(E57),E57,IF(ISNUMBER(F57),F57,IF(ISNUMBER(G57),G57,IF(ISNUMBER(H57),H57,""))))) -> 195.85 | D57: =IF(ISNUMBER(B57),IF(I57<>"",I57,"Manual override"),IF(ISNUMBER(E57),"Vidushi stmt – LTP 05.10",IF(ISNUMBER(F57),"Umesh stmt – NSE live 09.10",IF(ISNUMBER(G57),"Gautam stmt – 05.10",IF(ISNUMBER(H57),"DA stmt – older (stale)","No price on any statement"))))) -> Close 08.10.2026 (Screener.in) | E57: =IFERROR(INDEX('Vidushi Malhotra'!$M$7:$M$300,MATCH($A57,'Vidushi Malhotra'!$B$7:$B$300,0)),"") | F57: =IFERROR(INDEX('Dr Umesh Choudhry'!$M$7:$M$300,MATCH($A57,'Dr Umesh Choudhry'!$B$7:$B$300,0)),"") | G57: =IFERROR(INDEX(Gautam!$M$7:$M$300,MATCH($A57,Gautam!$B$7:$B$300,0)),"") | H57: =IFERROR(INDEX(DA!$M$7:$M$300,MATCH($A57,DA!$B$7:$B$300,0)),"") -> 209 | I57: Close 08.10.2026 (Screener.in) | J57: 200.74 | K57: =IF(AND(ISNUMBER(B57),ISNUMBER(J57),N(J57)>0),B57/J57-1,"") -> -0.024359868
A58: Shakti Pumps (India) Ltd | B58: 426.65 | C58: =IF(ISNUMBER(B58),B58,IF(ISNUMBER(E58),E58,IF(ISNUMBER(F58),F58,IF(ISNUMBER(G58),G58,IF(ISNUMBER(H58),H58,""))))) -> 426.65 | D58: =IF(ISNUMBER(B58),IF(I58<>"",I58,"Manual override"),IF(ISNUMBER(E58),"Vidushi stmt – LTP 05.10",IF(ISNUMBER(F58),"Umesh stmt – NSE live 09.10",IF(ISNUMBER(G58),"Gautam stmt – 05.10",IF(ISNUMBER(H58),"DA stmt – older (stale)","No price on any statement"))))) -> Close 08.10.2026 (Screener.in) | E58: =IFERROR(INDEX('Vidushi Malhotra'!$M$7:$M$300,MATCH($A58,'Vidushi Malhotra'!$B$7:$B$300,0)),"") | F58: =IFERROR(INDEX('Dr Umesh Choudhry'!$M$7:$M$300,MATCH($A58,'Dr Umesh Choudhry'!$B$7:$B$300,0)),"") | G58: =IFERROR(INDEX(Gautam!$M$7:$M$300,MATCH($A58,Gautam!$B$7:$B$300,0)),"") | H58: =IFERROR(INDEX(DA!$M$7:$M$300,MATCH($A58,DA!$B$7:$B$300,0)),"") -> 494 | I58: Close 08.10.2026 (Screener.in) | J58: 447.4 | K58: =IF(AND(ISNUMBER(B58),ISNUMBER(J58),N(J58)>0),B58/J58-1,"") -> -0.046379079
A59: Shriram Properties Ltd | B59: 65.8 | C59: =IF(ISNUMBER(B59),B59,IF(ISNUMBER(E59),E59,IF(ISNUMBER(F59),F59,IF(ISNUMBER(G59),G59,IF(ISNUMBER(H59),H59,""))))) -> 65.8 | D59: =IF(ISNUMBER(B59),IF(I59<>"",I59,"Manual override"),IF(ISNUMBER(E59),"Vidushi stmt – LTP 05.10",IF(ISNUMBER(F59),"Umesh stmt – NSE live 09.10",IF(ISNUMBER(G59),"Gautam stmt – 05.10",IF(ISNUMBER(H59),"DA stmt – older (stale)","No price on any statement"))))) -> Close 08.10.2026 (Screener.in) | E59: =IFERROR(INDEX('Vidushi Malhotra'!$M$7:$M$300,MATCH($A59,'Vidushi Malhotra'!$B$7:$B$300,0)),"") | F59: =IFERROR(INDEX('Dr Umesh Choudhry'!$M$7:$M$300,MATCH($A59,'Dr Umesh Choudhry'!$B$7:$B$300,0)),"") | G59: =IFERROR(INDEX(Gautam!$M$7:$M$300,MATCH($A59,Gautam!$B$7:$B$300,0)),"") -> 67.4 | H59: =IFERROR(INDEX(DA!$M$7:$M$300,MATCH($A59,DA!$B$7:$B$300,0)),"") | I59: Close 08.10.2026 (Screener.in) | J59: 68.05 | K59: =IF(AND(ISNUMBER(B59),ISNUMBER(J59),N(J59)>0),B59/J59-1,"") -> -0.033063924
A60: Sonata Software Ltd | B60: 240.9 | C60: =IF(ISNUMBER(B60),B60,IF(ISNUMBER(E60),E60,IF(ISNUMBER(F60),F60,IF(ISNUMBER(G60),G60,IF(ISNUMBER(H60),H60,""))))) -> 240.9 | D60: =IF(ISNUMBER(B60),IF(I60<>"",I60,"Manual override"),IF(ISNUMBER(E60),"Vidushi stmt – LTP 05.10",IF(ISNUMBER(F60),"Umesh stmt – NSE live 09.10",IF(ISNUMBER(G60),"Gautam stmt – 05.10",IF(ISNUMBER(H60),"DA stmt – older (stale)","No price on any statement"))))) -> Close 08.10.2026 (Screener.in) | E60: =IFERROR(INDEX('Vidushi Malhotra'!$M$7:$M$300,MATCH($A60,'Vidushi Malhotra'!$B$7:$B$300,0)),"") | F60: =IFERROR(INDEX('Dr Umesh Choudhry'!$M$7:$M$300,MATCH($A60,'Dr Umesh Choudhry'!$B$7:$B$300,0)),"") | G60: =IFERROR(INDEX(Gautam!$M$7:$M$300,MATCH($A60,Gautam!$B$7:$B$300,0)),"") | H60: =IFERROR(INDEX(DA!$M$7:$M$300,MATCH($A60,DA!$B$7:$B$300,0)),"") -> 266 | I60: Close 08.10.2026 (Screener.in) | J60: 248.1 | K60: =IF(AND(ISNUMBER(B60),ISNUMBER(J60),N(J60)>0),B60/J60-1,"") -> -0.029020556
A61: Syngene International Ltd | B61: 346 | C61: =IF(ISNUMBER(B61),B61,IF(ISNUMBER(E61),E61,IF(ISNUMBER(F61),F61,IF(ISNUMBER(G61),G61,IF(ISNUMBER(H61),H61,""))))) -> 346 | D61: =IF(ISNUMBER(B61),IF(I61<>"",I61,"Manual override"),IF(ISNUMBER(E61),"Vidushi stmt – LTP 05.10",IF(ISNUMBER(F61),"Umesh stmt – NSE live 09.10",IF(ISNUMBER(G61),"Gautam stmt – 05.10",IF(ISNUMBER(H61),"DA stmt – older (stale)","No price on any statement"))))) -> Close 08.10.2026 (Screener.in) | E61: =IFERROR(INDEX('Vidushi Malhotra'!$M$7:$M$300,MATCH($A61,'Vidushi Malhotra'!$B$7:$B$300,0)),"") | F61: =IFERROR(INDEX('Dr Umesh Choudhry'!$M$7:$M$300,MATCH($A61,'Dr Umesh Choudhry'!$B$7:$B$300,0)),"") | G61: =IFERROR(INDEX(Gautam!$M$7:$M$300,MATCH($A61,Gautam!$B$7:$B$300,0)),"") | H61: =IFERROR(INDEX(DA!$M$7:$M$300,MATCH($A61,DA!$B$7:$B$300,0)),"") -> 383 | I61: Close 08.10.2026 (Screener.in) | J61: 360.3 | K61: =IF(AND(ISNUMBER(B61),ISNUMBER(J61),N(J61)>0),B61/J61-1,"") -> -0.039689148
A62: Tata Consultancy Services Ltd | B62: 2076 | C62: =IF(ISNUMBER(B62),B62,IF(ISNUMBER(E62),E62,IF(ISNUMBER(F62),F62,IF(ISNUMBER(G62),G62,IF(ISNUMBER(H62),H62,""))))) -> 2076 | D62: =IF(ISNUMBER(B62),IF(I62<>"",I62,"Manual override"),IF(ISNUMBER(E62),"Vidushi stmt – LTP 05.10",IF(ISNUMBER(F62),"Umesh stmt – NSE live 09.10",IF(ISNUMBER(G62),"Gautam stmt – 05.10",IF(ISNUMBER(H62),"DA stmt – older (stale)","No price on any statement"))))) -> Close 08.10.2026 (Screener.in) | E62: =IFERROR(INDEX('Vidushi Malhotra'!$M$7:$M$300,MATCH($A62,'Vidushi Malhotra'!$B$7:$B$300,0)),"") | F62: =IFERROR(INDEX('Dr Umesh Choudhry'!$M$7:$M$300,MATCH($A62,'Dr Umesh Choudhry'!$B$7:$B$300,0)),"") -> 2178.1034 | G62: =IFERROR(INDEX(Gautam!$M$7:$M$300,MATCH($A62,Gautam!$B$7:$B$300,0)),"") -> 2116 | H62: =IFERROR(INDEX(DA!$M$7:$M$300,MATCH($A62,DA!$B$7:$B$300,0)),"") -> 2201 | I62: Close 08.10.2026 (Screener.in) | J62: 2080.3 | K62: =IF(AND(ISNUMBER(B62),ISNUMBER(J62),N(J62)>0),B62/J62-1,"") -> -0.0020670096
A63: Tata Elxsi Ltd | B63: 2996 | C63: =IF(ISNUMBER(B63),B63,IF(ISNUMBER(E63),E63,IF(ISNUMBER(F63),F63,IF(ISNUMBER(G63),G63,IF(ISNUMBER(H63),H63,""))))) -> 2996 | D63: =IF(ISNUMBER(B63),IF(I63<>"",I63,"Manual override"),IF(ISNUMBER(E63),"Vidushi stmt – LTP 05.10",IF(ISNUMBER(F63),"Umesh stmt – NSE live 09.10",IF(ISNUMBER(G63),"Gautam stmt – 05.10",IF(ISNUMBER(H63),"DA stmt – older (stale)","No price on any statement"))))) -> Close 08.10.2026 (Screener.in) | E63: =IFERROR(INDEX('Vidushi Malhotra'!$M$7:$M$300,MATCH($A63,'Vidushi Malhotra'!$B$7:$B$300,0)),"") | F63: =IFERROR(INDEX('Dr Umesh Choudhry'!$M$7:$M$300,MATCH($A63,'Dr Umesh Choudhry'!$B$7:$B$300,0)),"") -> 3071.4091 | G63: =IFERROR(INDEX(Gautam!$M$7:$M$300,MATCH($A63,Gautam!$B$7:$B$300,0)),"") -> 3110 | H63: =IFERROR(INDEX(DA!$M$7:$M$300,MATCH($A63,DA!$B$7:$B$300,0)),"") -> 3383 | I63: Close 08.10.2026 (Screener.in) | J63: 3082.5 | K63: =IF(AND(ISNUMBER(B63),ISNUMBER(J63),N(J63)>0),B63/J63-1,"") -> -0.028061638
A64: Titan Company Ltd | B64: 4359.5 | C64: =IF(ISNUMBER(B64),B64,IF(ISNUMBER(E64),E64,IF(ISNUMBER(F64),F64,IF(ISNUMBER(G64),G64,IF(ISNUMBER(H64),H64,""))))) -> 4359.5 | D64: =IF(ISNUMBER(B64),IF(I64<>"",I64,"Manual override"),IF(ISNUMBER(E64),"Vidushi stmt – LTP 05.10",IF(ISNUMBER(F64),"Umesh stmt – NSE live 09.10",IF(ISNUMBER(G64),"Gautam stmt – 05.10",IF(ISNUMBER(H64),"DA stmt – older (stale)","No price on any statement"))))) -> Close 08.10.2026 (Screener.in) | E64: =IFERROR(INDEX('Vidushi Malhotra'!$M$7:$M$300,MATCH($A64,'Vidushi Malhotra'!$B$7:$B$300,0)),"") -> 4570 | F64: =IFERROR(INDEX('Dr Umesh Choudhry'!$M$7:$M$300,MATCH($A64,'Dr Umesh Choudhry'!$B$7:$B$300,0)),"") -> 4372 | G64: =IFERROR(INDEX(Gautam!$M$7:$M$300,MATCH($A64,Gautam!$B$7:$B$300,0)),"") -> 4516 | H64: =IFERROR(INDEX(DA!$M$7:$M$300,MATCH($A64,DA!$B$7:$B$300,0)),"") -> 5010 | I64: Close 08.10.2026 (Screener.in) | J64: 4377 | K64: =IF(AND(ISNUMBER(B64),ISNUMBER(J64),N(J64)>0),B64/J64-1,"") -> -0.0039981723
A65: Trent Ltd | B65: 2876.3 | C65: =IF(ISNUMBER(B65),B65,IF(ISNUMBER(E65),E65,IF(ISNUMBER(F65),F65,IF(ISNUMBER(G65),G65,IF(ISNUMBER(H65),H65,""))))) -> 2876.3 | D65: =IF(ISNUMBER(B65),IF(I65<>"",I65,"Manual override"),IF(ISNUMBER(E65),"Vidushi stmt – LTP 05.10",IF(ISNUMBER(F65),"Umesh stmt – NSE live 09.10",IF(ISNUMBER(G65),"Gautam stmt – 05.10",IF(ISNUMBER(H65),"DA stmt – older (stale)","No price on any statement"))))) -> Close 08.10.2026 (Screener.in) | E65: =IFERROR(INDEX('Vidushi Malhotra'!$M$7:$M$300,MATCH($A65,'Vidushi Malhotra'!$B$7:$B$300,0)),"") | F65: =IFERROR(INDEX('Dr Umesh Choudhry'!$M$7:$M$300,MATCH($A65,'Dr Umesh Choudhry'!$B$7:$B$300,0)),"") -> 2910 | G65: =IFERROR(INDEX(Gautam!$M$7:$M$300,MATCH($A65,Gautam!$B$7:$B$300,0)),"") -> 2580 | H65: =IFERROR(INDEX(DA!$M$7:$M$300,MATCH($A65,DA!$B$7:$B$300,0)),"") -> 2802 | I65: Close 08.10.2026 (Screener.in) | J65: 2890.3 | K65: =IF(AND(ISNUMBER(B65),ISNUMBER(J65),N(J65)>0),B65/J65-1,"") -> -0.0048437878
A66: Utkarsh SFB – Rights Entitlement | C66: =IF(ISNUMBER(B66),B66,IF(ISNUMBER(E66),E66,IF(ISNUMBER(F66),F66,IF(ISNUMBER(G66),G66,IF(ISNUMBER(H66),H66,""))))) -> 4 | D66: =IF(ISNUMBER(B66),IF(I66<>"",I66,"Manual override"),IF(ISNUMBER(E66),"Vidushi stmt – LTP 05.10",IF(ISNUMBER(F66),"Umesh stmt – NSE live 09.10",IF(ISNUMBER(G66),"Gautam stmt – 05.10",IF(ISNUMBER(H66),"DA stmt – older (stale)","No price on any statement"))))) -> DA stmt – older (stale) | E66: =IFERROR(INDEX('Vidushi Malhotra'!$M$7:$M$300,MATCH($A66,'Vidushi Malhotra'!$B$7:$B$300,0)),"") | F66: =IFERROR(INDEX('Dr Umesh Choudhry'!$M$7:$M$300,MATCH($A66,'Dr Umesh Choudhry'!$B$7:$B$300,0)),"") | G66: =IFERROR(INDEX(Gautam!$M$7:$M$300,MATCH($A66,Gautam!$B$7:$B$300,0)),"") | H66: =IFERROR(INDEX(DA!$M$7:$M$300,MATCH($A66,DA!$B$7:$B$300,0)),"") -> 4 | I66: No exchange close found – statement price used | K66: =IF(AND(ISNUMBER(B66),ISNUMBER(J66),N(J66)>0),B66/J66-1,"")
A67: Utkarsh Small Finance Bank Ltd | B67: 13.64 | C67: =IF(ISNUMBER(B67),B67,IF(ISNUMBER(E67),E67,IF(ISNUMBER(F67),F67,IF(ISNUMBER(G67),G67,IF(ISNUMBER(H67),H67,""))))) -> 13.64 | D67: =IF(ISNUMBER(B67),IF(I67<>"",I67,"Manual override"),IF(ISNUMBER(E67),"Vidushi stmt – LTP 05.10",IF(ISNUMBER(F67),"Umesh stmt – NSE live 09.10",IF(ISNUMBER(G67),"Gautam stmt – 05.10",IF(ISNUMBER(H67),"DA stmt – older (stale)","No price on any statement"))))) -> Close 08.10.2026 (Screener.in) | E67: =IFERROR(INDEX('Vidushi Malhotra'!$M$7:$M$300,MATCH($A67,'Vidushi Malhotra'!$B$7:$B$300,0)),"") | F67: =IFERROR(INDEX('Dr Umesh Choudhry'!$M$7:$M$300,MATCH($A67,'Dr Umesh Choudhry'!$B$7:$B$300,0)),"") | G67: =IFERROR(INDEX(Gautam!$M$7:$M$300,MATCH($A67,Gautam!$B$7:$B$300,0)),"") | H67: =IFERROR(INDEX(DA!$M$7:$M$300,MATCH($A67,DA!$B$7:$B$300,0)),"") -> 14.5 | I67: Close 08.10.2026 (Screener.in) | J67: 13.98 | K67: =IF(AND(ISNUMBER(B67),ISNUMBER(J67),N(J67)>0),B67/J67-1,"") -> -0.024320458
A68: Vedant Fashions (Manyavar) Ltd | B68: 489.9 | C68: =IF(ISNUMBER(B68),B68,IF(ISNUMBER(E68),E68,IF(ISNUMBER(F68),F68,IF(ISNUMBER(G68),G68,IF(ISNUMBER(H68),H68,""))))) -> 489.9 | D68: =IF(ISNUMBER(B68),IF(I68<>"",I68,"Manual override"),IF(ISNUMBER(E68),"Vidushi stmt – LTP 05.10",IF(ISNUMBER(F68),"Umesh stmt – NSE live 09.10",IF(ISNUMBER(G68),"Gautam stmt – 05.10",IF(ISNUMBER(H68),"DA stmt – older (stale)","No price on any statement"))))) -> Close 08.10.2026 (Screener.in) | E68: =IFERROR(INDEX('Vidushi Malhotra'!$M$7:$M$300,MATCH($A68,'Vidushi Malhotra'!$B$7:$B$300,0)),"") | F68: =IFERROR(INDEX('Dr Umesh Choudhry'!$M$7:$M$300,MATCH($A68,'Dr Umesh Choudhry'!$B$7:$B$300,0)),"") | G68: =IFERROR(INDEX(Gautam!$M$7:$M$300,MATCH($A68,Gautam!$B$7:$B$300,0)),"") | H68: =IFERROR(INDEX(DA!$M$7:$M$300,MATCH($A68,DA!$B$7:$B$300,0)),"") -> 582 | I68: Close 08.10.2026 (Screener.in) | J68: 500.2 | K68: =IF(AND(ISNUMBER(B68),ISNUMBER(J68),N(J68)>0),B68/J68-1,"") -> -0.020591763
A69: Vedanta Power (VEDPOWER) | B69: 31.89 | C69: =IF(ISNUMBER(B69),B69,IF(ISNUMBER(E69),E69,IF(ISNUMBER(F69),F69,IF(ISNUMBER(G69),G69,IF(ISNUMBER(H69),H69,""))))) -> 31.89 | D69: =IF(ISNUMBER(B69),IF(I69<>"",I69,"Manual override"),IF(ISNUMBER(E69),"Vidushi stmt – LTP 05.10",IF(ISNUMBER(F69),"Umesh stmt – NSE live 09.10",IF(ISNUMBER(G69),"Gautam stmt – 05.10",IF(ISNUMBER(H69),"DA stmt – older (stale)","No price on any statement"))))) -> Close 08.10.2026 (Screener.in) | E69: =IFERROR(INDEX('Vidushi Malhotra'!$M$7:$M$300,MATCH($A69,'Vidushi Malhotra'!$B$7:$B$300,0)),"") | F69: =IFERROR(INDEX('Dr Umesh Choudhry'!$M$7:$M$300,MATCH($A69,'Dr Umesh Choudhry'!$B$7:$B$300,0)),"") | G69: =IFERROR(INDEX(Gautam!$M$7:$M$300,MATCH($A69,Gautam!$B$7:$B$300,0)),"") | H69: =IFERROR(INDEX(DA!$M$7:$M$300,MATCH($A69,DA!$B$7:$B$300,0)),"") -> 34 | I69: Close 08.10.2026 (Screener.in) | J69: 32.42 | K69: =IF(AND(ISNUMBER(B69),ISNUMBER(J69),N(J69)>0),B69/J69-1,"") -> -0.016347933
A70: Vinati Organics Ltd | B70: 1120.8 | C70: =IF(ISNUMBER(B70),B70,IF(ISNUMBER(E70),E70,IF(ISNUMBER(F70),F70,IF(ISNUMBER(G70),G70,IF(ISNUMBER(H70),H70,""))))) -> 1120.8 | D70: =IF(ISNUMBER(B70),IF(I70<>"",I70,"Manual override"),IF(ISNUMBER(E70),"Vidushi stmt – LTP 05.10",IF(ISNUMBER(F70),"Umesh stmt – NSE live 09.10",IF(ISNUMBER(G70),"Gautam stmt – 05.10",IF(ISNUMBER(H70),"DA stmt – older (stale)","No price on any statement"))))) -> Close 08.10.2026 (Screener.in) | E70: =IFERROR(INDEX('Vidushi Malhotra'!$M$7:$M$300,MATCH($A70,'Vidushi Malhotra'!$B$7:$B$300,0)),"") | F70: =IFERROR(INDEX('Dr Umesh Choudhry'!$M$7:$M$300,MATCH($A70,'Dr Umesh Choudhry'!$B$7:$B$300,0)),"") -> 1127.8049 | G70: =IFERROR(INDEX(Gautam!$M$7:$M$300,MATCH($A70,Gautam!$B$7:$B$300,0)),"") -> 1208 | H70: =IFERROR(INDEX(DA!$M$7:$M$300,MATCH($A70,DA!$B$7:$B$300,0)),"") | I70: Close 08.10.2026 (Screener.in) | J70: 1142.3 | K70: =IF(AND(ISNUMBER(B70),ISNUMBER(J70),N(J70)>0),B70/J70-1,"") -> -0.018821676
A71: Vinyl Chemicals (India) Ltd | B71: 209.8 | C71: =IF(ISNUMBER(B71),B71,IF(ISNUMBER(E71),E71,IF(ISNUMBER(F71),F71,IF(ISNUMBER(G71),G71,IF(ISNUMBER(H71),H71,""))))) -> 209.8 | D71: =IF(ISNUMBER(B71),IF(I71<>"",I71,"Manual override"),IF(ISNUMBER(E71),"Vidushi stmt – LTP 05.10",IF(ISNUMBER(F71),"Umesh stmt – NSE live 09.10",IF(ISNUMBER(G71),"Gautam stmt – 05.10",IF(ISNUMBER(H71),"DA stmt – older (stale)","No price on any statement"))))) -> Close 08.10.2026 (Screener.in) | E71: =IFERROR(INDEX('Vidushi Malhotra'!$M$7:$M$300,MATCH($A71,'Vidushi Malhotra'!$B$7:$B$300,0)),"") | F71: =IFERROR(INDEX('Dr Umesh Choudhry'!$M$7:$M$300,MATCH($A71,'Dr Umesh Choudhry'!$B$7:$B$300,0)),"") | G71: =IFERROR(INDEX(Gautam!$M$7:$M$300,MATCH($A71,Gautam!$B$7:$B$300,0)),"") | H71: =IFERROR(INDEX(DA!$M$7:$M$300,MATCH($A71,DA!$B$7:$B$300,0)),"") -> 220 | I71: Close 08.10.2026 (Screener.in) | J71: 215.53 | K71: =IF(AND(ISNUMBER(B71),ISNUMBER(J71),N(J71)>0),B71/J71-1,"") -> -0.026585626
A72: Waaree Energies Ltd | B72: 2317 | C72: =IF(ISNUMBER(B72),B72,IF(ISNUMBER(E72),E72,IF(ISNUMBER(F72),F72,IF(ISNUMBER(G72),G72,IF(ISNUMBER(H72),H72,""))))) -> 2317 | D72: =IF(ISNUMBER(B72),IF(I72<>"",I72,"Manual override"),IF(ISNUMBER(E72),"Vidushi stmt – LTP 05.10",IF(ISNUMBER(F72),"Umesh stmt – NSE live 09.10",IF(ISNUMBER(G72),"Gautam stmt – 05.10",IF(ISNUMBER(H72),"DA stmt – older (stale)","No price on any statement"))))) -> Close 08.10.2026 (Screener.in) | E72: =IFERROR(INDEX('Vidushi Malhotra'!$M$7:$M$300,MATCH($A72,'Vidushi Malhotra'!$B$7:$B$300,0)),"") | F72: =IFERROR(INDEX('Dr Umesh Choudhry'!$M$7:$M$300,MATCH($A72,'Dr Umesh Choudhry'!$B$7:$B$300,0)),"") | G72: =IFERROR(INDEX(Gautam!$M$7:$M$300,MATCH($A72,Gautam!$B$7:$B$300,0)),"") -> 2340 | H72: =IFERROR(INDEX(DA!$M$7:$M$300,MATCH($A72,DA!$B$7:$B$300,0)),"") -> 2625 | I72: Close 08.10.2026 (Screener.in) | J72: 2401 | K72: =IF(AND(ISNUMBER(B72),ISNUMBER(J72),N(J72)>0),B72/J72-1,"") -> -0.034985423

Sheet Vidushi Malhotra
A1: VIDUSHI MALHOTRA – Zerodha
A2: Holdings as of 04.10.2026 (+ trades of 05.10.2026). Statement prices: LTP 05.10.2026. Market value uses the common Ref Price from the Prices sheet so all portfolios are valued alike.
A3: Blue = figures from the statement (inputs). Black = formulas. Green = pulled from another sheet.
A5: # | B5: Company | C5: Broker | D5: No. of Shares | E5: Total Invested (₹) | F5: Wtd Avg Cost (₹) | G5: Ref Price (₹) | H5: Market Value (₹) | I5: Unrealised P&L (₹) | J5: P&L % | K5: Portfolio Weight % | L5: Statement Mkt Value (₹) | M5: Statement Price (₹) | N5: Repricing Diff vs Stmt (₹) | O5: Note | Q5: Trades executed 05.10.2026 (already blended into Wtd Avg Cost)
B6: TOTAL | E6: =SUM(E7:E18) -> 201361 | H6: =SUM(H7:H18) -> 225002.24 | I6: =H6-E6 -> 23641.24 | J6: =IF(E6>0,I6/E6,"") -> 0.11740724 | K6: =SUM(K7:K18) -> 1 | L6: =SUM(L7:L18) -> 230321 | N6: =SUM(N7:N18) -> -5318.76 | Q6: Date / Time | R6: Type | S6: Instrument | T6: Qty | U6: Fill Price (₹) | V6: Value (₹)
A7: 1 | B7: Bajaj Finance Ltd | C7: Zerodha | D7: 121 | E7: 92928 | F7: =IF(AND(D7>0,N(E7)>0),E7/D7,"") -> 768 | G7: =IFERROR(INDEX(Prices!$C$6:$C$300,MATCH(B7,Prices!$A$6:$A$300,0)),"") -> 955.95 | H7: =IF(ISNUMBER(G7),D7*G7,0) -> 115669.95 | I7: =H7-N(E7) -> 22741.95 | J7: =IF(N(E7)>0,I7/E7,"") -> 0.24472656 | K7: =IF($H$6=0,"",H7/$H$6) -> 0.51408355 | L7: 117842 | M7: =IF(ISNUMBER(L7),L7/D7,"") -> 973.90083 | N7: =IF(ISNUMBER(L7),H7-L7,"") -> -2172.05 | Q7: 2026-10-05 12:46:57 | R7: BUY | S7: Poonawalla Fincorp Ltd | T7: 8 | U7: 451 | V7: 3606
A8: 2 | B8: Titan Company Ltd | C8: Zerodha | D8: 9 | E8: 28441 | F8: =IF(AND(D8>0,N(E8)>0),E8/D8,"") -> 3160.1111 | G8: =IFERROR(INDEX(Prices!$C$6:$C$300,MATCH(B8,Prices!$A$6:$A$300,0)),"") -> 4359.5 | H8: =IF(ISNUMBER(G8),D8*G8,0) -> 39235.5 | I8: =H8-N(E8) -> 10794.5 | J8: =IF(N(E8)>0,I8/E8,"") -> 0.3795401 | K8: =IF($H$6=0,"",H8/$H$6) -> 0.17437826 | L8: 41130 | M8: =IF(ISNUMBER(L8),L8/D8,"") -> 4570 | N8: =IF(ISNUMBER(L8),H8-L8,"") -> -1894.5 | Q8: 2026-10-05 12:46:33 | R8: BUY | S8: HDFC Bank Ltd | T8: 2 | U8: 707 | V8: 1414
A9: 3 | B9: Poonawalla Fincorp Ltd | C9: Zerodha | D9: 38 | E9: 17192 | F9: =IF(AND(D9>0,N(E9)>0),E9/D9,"") -> 452.42105 | G9: =IFERROR(INDEX(Prices!$C$6:$C$300,MATCH(B9,Prices!$A$6:$A$300,0)),"") -> 437.9 | H9: =IF(ISNUMBER(G9),D9*G9,0) -> 16640.2 | I9: =H9-N(E9) -> -551.8 | J9: =IF(N(E9)>0,I9/E9,"") -> -0.032096324 | K9: =IF($H$6=0,"",H9/$H$6) -> 0.073955708 | L9: 17123 | M9: =IF(ISNUMBER(L9),L9/D9,"") -> 450.60526 | N9: =IF(ISNUMBER(L9),H9-L9,"") -> -482.8 | Q9: 2026-10-05 12:46:00 | R9: BUY | S9: Bajaj Finance Ltd | T9: 5 | U9: 974 | V9: 4869
A10: 4 | B10: HDFC Bank Ltd | C10: Zerodha | D10: 21 | E10: 16598 | F10: =IF(AND(D10>0,N(E10)>0),E10/D10,"") -> 790.38095 | G10: =IFERROR(INDEX(Prices!$C$6:$C$300,MATCH(B10,Prices!$A$6:$A$300,0)),"") -> 692.25 | H10: =IF(ISNUMBER(G10),D10*G10,0) -> 14537.25 | I10: =H10-N(E10) -> -2060.75 | J10: =IF(N(E10)>0,I10/E10,"") -> -0.12415652 | K10: =IF($H$6=0,"",H10/$H$6) -> 0.064609357 | L10: 14863 | M10: =IF(ISNUMBER(L10),L10/D10,"") -> 707.7619 | N10: =IF(ISNUMBER(L10),H10-L10,"") -> -325.75 | S10: Net bought (buys − sells) | V10: =SUMIFS(V7:V9,R7:R9,"BUY")-SUMIFS(V7:V9,R7:R9,"SELL") -> 9889
A11: 5 | B11: HCL Technologies Ltd | C11: Zerodha | D11: 9 | E11: 10284 | F11: =IF(AND(D11>0,N(E11)>0),E11/D11,"") -> 1142.6667 | G11: =IFERROR(INDEX(Prices!$C$6:$C$300,MATCH(B11,Prices!$A$6:$A$300,0)),"") -> 1176.9 | H11: =IF(ISNUMBER(G11),D11*G11,0) -> 10592.1 | I11: =H11-N(E11) -> 308.1 | J11: =IF(N(E11)>0,I11/E11,"") -> 0.02995916 | K11: =IF($H$6=0,"",H11/$H$6) -> 0.047075531 | L11: 10815 | M11: =IF(ISNUMBER(L11),L11/D11,"") -> 1201.6667 | N11: =IF(ISNUMBER(L11),H11-L11,"") -> -222.9
A12: 6 | B12: Bajaj Housing Finance Ltd | C12: Zerodha | D12: 121 | E12: 13968 | F12: =IF(AND(D12>0,N(E12)>0),E12/D12,"") -> 115.43802 | G12: =IFERROR(INDEX(Prices!$C$6:$C$300,MATCH(B12,Prices!$A$6:$A$300,0)),"") -> 82.14 | H12: =IF(ISNUMBER(G12),D12*G12,0) -> 9938.94 | I12: =H12-N(E12) -> -4029.06 | J12: =IF(N(E12)>0,I12/E12,"") -> -0.28844931 | K12: =IF($H$6=0,"",H12/$H$6) -> 0.044172627 | L12: 9898 | M12: =IF(ISNUMBER(L12),L12/D12,"") -> 81.801653 | N12: =IF(ISNUMBER(L12),H12-L12,"") -> 40.94
A13: 7 | B13: LTM Ltd (formerly LTIMindtree) | C13: Zerodha | D13: 2 | E13: 10198 | F13: =IF(AND(D13>0,N(E13)>0),E13/D13,"") -> 5099 | G13: =IFERROR(INDEX(Prices!$C$6:$C$300,MATCH(B13,Prices!$A$6:$A$300,0)),"") -> 3915 | H13: =IF(ISNUMBER(G13),D13*G13,0) -> 7830 | I13: =H13-N(E13) -> -2368 | J13: =IF(N(E13)>0,I13/E13,"") -> -0.23220239 | K13: =IF($H$6=0,"",H13/$H$6) -> 0.034799654 | L13: 7972 | M13: =IF(ISNUMBER(L13),L13/D13,"") -> 3986 | N13: =IF(ISNUMBER(L13),H13-L13,"") -> -142
A14: 8 | B14: Affle 3i Ltd | C14: Zerodha | D14: 3 | E14: 4954 | F14: =IF(AND(D14>0,N(E14)>0),E14/D14,"") -> 1651.3333 | G14: =IFERROR(INDEX(Prices!$C$6:$C$300,MATCH(B14,Prices!$A$6:$A$300,0)),"") -> 1401.4 | H14: =IF(ISNUMBER(G14),D14*G14,0) -> 4204.2 | I14: =H14-N(E14) -> -749.8 | J14: =IF(N(E14)>0,I14/E14,"") -> -0.15135244 | K14: =IF($H$6=0,"",H14/$H$6) -> 0.018685147 | L14: 4370 | M14: =IF(ISNUMBER(L14),L14/D14,"") -> 1456.6667 | N14: =IF(ISNUMBER(L14),H14-L14,"") -> -165.8
A15: 9 | B15: L&T Technology Services Ltd | C15: Zerodha | D15: 1 | E15: 4607 | F15: =IF(AND(D15>0,N(E15)>0),E15/D15,"") -> 4607 | G15: =IFERROR(INDEX(Prices!$C$6:$C$300,MATCH(B15,Prices!$A$6:$A$300,0)),"") -> 3176.6 | H15: =IF(ISNUMBER(G15),D15*G15,0) -> 3176.6 | I15: =H15-N(E15) -> -1430.4 | J15: =IF(N(E15)>0,I15/E15,"") -> -0.31048405 | K15: =IF($H$6=0,"",H15/$H$6) -> 0.014118082 | L15: 3219 | M15: =IF(ISNUMBER(L15),L15/D15,"") -> 3219 | N15: =IF(ISNUMBER(L15),H15-L15,"") -> -42.4
A16: 10 | B16: Fineotex Chemical Ltd | C16: Zerodha | D16: 50 | E16: 1877 | F16: =IF(AND(D16>0,N(E16)>0),E16/D16,"") -> 37.54 | G16: =IFERROR(INDEX(Prices!$C$6:$C$300,MATCH(B16,Prices!$A$6:$A$300,0)),"") -> 55.99 | H16: =IF(ISNUMBER(G16),D16*G16,0) -> 2799.5 | I16: =H16-N(E16) -> 922.5 | J16: =IF(N(E16)>0,I16/E16,"") -> 0.49147576 | K16: =IF($H$6=0,"",H16/$H$6) -> 0.012442098 | L16: 2711 | M16: =IF(ISNUMBER(L16),L16/D16,"") -> 54.22 | N16: =IF(ISNUMBER(L16),H16-L16,"") -> 88.5
A17: 11 | B17: Nippon India ETF Nifty 50 BeES | C17: Zerodha | D17: 1 | E17: 251 | F17: =IF(AND(D17>0,N(E17)>0),E17/D17,"") -> 251 | G17: =IFERROR(INDEX(Prices!$C$6:$C$300,MATCH(B17,Prices!$A$6:$A$300,0)),"") -> 257 | H17: =IF(ISNUMBER(G17),D17*G17,0) -> 257 | I17: =H17-N(E17) -> 6 | J17: =IF(N(E17)>0,I17/E17,"") -> 0.023904382 | K17: =IF($H$6=0,"",H17/$H$6) -> 0.0011422109 | L17: 257 | M17: =IF(ISNUMBER(L17),L17/D17,"") -> 257 | N17: =IF(ISNUMBER(L17),H17-L17,"") -> 0
A18: 12 | B18: Nippon India ETF Gold BeES | C18: Zerodha | D18: 1 | E18: 63 | F18: =IF(AND(D18>0,N(E18)>0),E18/D18,"") -> 63 | G18: =IFERROR(INDEX(Prices!$C$6:$C$300,MATCH(B18,Prices!$A$6:$A$300,0)),"") -> 121 | H18: =IF(ISNUMBER(G18),D18*G18,0) -> 121 | I18: =H18-N(E18) -> 58 | J18: =IF(N(E18)>0,I18/E18,"") -> 0.92063492 | K18: =IF($H$6=0,"",H18/$H$6) -> 0.00053777242 | L18: 121 | M18: =IF(ISNUMBER(L18),L18/D18,"") -> 121 | N18: =IF(ISNUMBER(L18),H18-L18,"") -> 0

Sheet Dr Umesh Choudhry
A1: DR UMESH CHOUDHRY – ICICI Direct
A2: Holdings as of 04.10.2026 + trades of 09.10.2026. Statement prices: NSE live 09.10.2026 ~09:45 IST. Market value uses the common Ref Price from the Prices sheet so all portfolios are valued alike.
A3: Blue = figures from the statement (inputs). Black = formulas. Green = pulled from another sheet.
A5: # | B5: Company | C5: Broker | D5: No. of Shares | E5: Total Invested (₹) | F5: Wtd Avg Cost (₹) | G5: Ref Price (₹) | H5: Market Value (₹) | I5: Unrealised P&L (₹) | J5: P&L % | K5: Portfolio Weight % | L5: Statement Mkt Value (₹) | M5: Statement Price (₹) | N5: Repricing Diff vs Stmt (₹) | O5: Note | Q5: Buys on 09.10.2026 (derived: statement 09.10 minus 04.10; already blended into Wtd Avg Cost)
B6: TOTAL | E6: =SUM(E7:E27) -> 5222229 | H6: =SUM(H7:H27) -> 5427487 | I6: =H6-E6 -> 205257.97 | J6: =IF(E6>0,I6/E6,"") -> 0.039304667 | K6: =SUM(K7:K27) -> 1 | L6: =SUM(L7:L27) -> 5467268 | N6: =SUM(N7:N27) -> -39781.03 | Q6: Date / Time | R6: Type | S6: Instrument | T6: Qty | U6: Fill Price (₹) | V6: Value (₹)
A7: 1 | B7: Bajaj Finance Ltd | C7: ICICI Direct | D7: 2412 | E7: 1930286 | F7: =IF(AND(D7>0,N(E7)>0),E7/D7,"") -> 800.28441 | G7: =IFERROR(INDEX(Prices!$C$6:$C$300,MATCH(B7,Prices!$A$6:$A$300,0)),"") -> 955.95 | H7: =IF(ISNUMBER(G7),D7*G7,0) -> 2305751.4 | I7: =H7-N(E7) -> 375465.4 | J7: =IF(N(E7)>0,I7/E7,"") -> 0.19451283 | K7: =IF($H$6=0,"",H7/$H$6) -> 0.42482855 | L7: 2318776 | M7: =IF(ISNUMBER(L7),L7/D7,"") -> 961.34992 | N7: =IF(ISNUMBER(L7),H7-L7,"") -> -13024.6 | Q7: 09.10.2026 | R7: BUY | S7: Bajaj Finance Ltd | T7: 237 | U7: 962.39 | V7: 228087
A8: 2 | B8: Titan Company Ltd | C8: ICICI Direct | D8: 172 | E8: 617467 | F8: =IF(AND(D8>0,N(E8)>0),E8/D8,"") -> 3589.9244 | G8: =IFERROR(INDEX(Prices!$C$6:$C$300,MATCH(B8,Prices!$A$6:$A$300,0)),"") -> 4359.5 | H8: =IF(ISNUMBER(G8),D8*G8,0) -> 749834 | I8: =H8-N(E8) -> 132367 | J8: =IF(N(E8)>0,I8/E8,"") -> 0.21437097 | K8: =IF($H$6=0,"",H8/$H$6) -> 0.13815491 | L8: 751984 | M8: =IF(ISNUMBER(L8),L8/D8,"") -> 4372 | N8: =IF(ISNUMBER(L8),H8-L8,"") -> -2150 | Q8: 09.10.2026 | R8: BUY | S8: Poonawalla Fincorp Ltd | T8: 176 | U8: 442.07 | V8: 77804
A9: 3 | B9: HDFC Bank Ltd | C9: ICICI Direct | D9: 673 | E9: 599414 | F9: =IF(AND(D9>0,N(E9)>0),E9/D9,"") -> 890.65973 | G9: =IFERROR(INDEX(Prices!$C$6:$C$300,MATCH(B9,Prices!$A$6:$A$300,0)),"") -> 692.25 | H9: =IF(ISNUMBER(G9),D9*G9,0) -> 465884.25 | I9: =H9-N(E9) -> -133529.75 | J9: =IF(N(E9)>0,I9/E9,"") -> -0.22276715 | K9: =IF($H$6=0,"",H9/$H$6) -> 0.085837931 | L9: 472547 | M9: =IF(ISNUMBER(L9),L9/D9,"") -> 702.15007 | N9: =IF(ISNUMBER(L9),H9-L9,"") -> -6662.75 | Q9: 09.10.2026 | R9: BUY | S9: HDFC Bank Ltd | T9: 55 | U9: 701.55 | V9: 38585
A10: 4 | B10: AFCOM Holdings Ltd | C10: ICICI Direct | D10: 240 | E10: 203179 | F10: =IF(AND(D10>0,N(E10)>0),E10/D10,"") -> 846.57917 | G10: =IFERROR(INDEX(Prices!$C$6:$C$300,MATCH(B10,Prices!$A$6:$A$300,0)),"") -> 1432.05 | H10: =IF(ISNUMBER(G10),D10*G10,0) -> 343692 | I10: =H10-N(E10) -> 140513 | J10: =IF(N(E10)>0,I10/E10,"") -> 0.69157246 | K10: =IF($H$6=0,"",H10/$H$6) -> 0.063324334 | L10: 342000 | M10: =IF(ISNUMBER(L10),L10/D10,"") -> 1425 | N10: =IF(ISNUMBER(L10),H10-L10,"") -> 1692 | O10: SME | Q10: 09.10.2026 | R10: BUY | S10: Titan Company Ltd | T10: 6 | U10: 4375 | V10: 26250
A11: 5 | B11: Poonawalla Fincorp Ltd | C11: ICICI Direct | D11: 769 | E11: 346990 | F11: =IF(AND(D11>0,N(E11)>0),E11/D11,"") -> 451.22237 | G11: =IFERROR(INDEX(Prices!$C$6:$C$300,MATCH(B11,Prices!$A$6:$A$300,0)),"") -> 437.9 | H11: =IF(ISNUMBER(G11),D11*G11,0) -> 336745.1 | I11: =H11-N(E11) -> -10244.9 | J11: =IF(N(E11)>0,I11/E11,"") -> -0.029525058 | K11: =IF($H$6=0,"",H11/$H$6) -> 0.062044387 | L11: 340513 | M11: =IF(ISNUMBER(L11),L11/D11,"") -> 442.79974 | N11: =IF(ISNUMBER(L11),H11-L11,"") -> -3767.9 | Q11: 09.10.2026 | R11: BUY | S11: Bajaj Housing Finance Ltd | T11: 280 | U11: 82.46 | V11: 23089
A12: 6 | B12: Connplex Cinemas Ltd | C12: ICICI Direct | D12: 800 | E12: 183992 | F12: =IF(AND(D12>0,N(E12)>0),E12/D12,"") -> 229.99 | G12: =IFERROR(INDEX(Prices!$C$6:$C$300,MATCH(B12,Prices!$A$6:$A$300,0)),"") -> 245 | H12: =IF(ISNUMBER(G12),D12*G12,0) -> 196000 | I12: =H12-N(E12) -> 12008 | J12: =IF(N(E12)>0,I12/E12,"") -> 0.065263707 | K12: =IF($H$6=0,"",H12/$H$6) -> 0.036112477 | L12: 196000 | M12: =IF(ISNUMBER(L12),L12/D12,"") -> 245 | N12: =IF(ISNUMBER(L12),H12-L12,"") -> 0 | O12: SME | Q12: 09.10.2026 | R12: BUY | S12: Persistent Systems Ltd | T12: 4 | U12: 5588 | V12: 22352
A13: 7 | B13: Bajaj Housing Finance Ltd | C13: ICICI Direct | D13: 2198 | E13: 255800 | F13: =IF(AND(D13>0,N(E13)>0),E13/D13,"") -> 116.37853 | G13: =IFERROR(INDEX(Prices!$C$6:$C$300,MATCH(B13,Prices!$A$6:$A$300,0)),"") -> 82.14 | H13: =IF(ISNUMBER(G13),D13*G13,0) -> 180543.72 | I13: =H13-N(E13) -> -75256.28 | J13: =IF(N(E13)>0,I13/E13,"") -> -0.29419969 | K13: =IF($H$6=0,"",H13/$H$6) -> 0.033264699 | L13: 180698 | M13: =IF(ISNUMBER(L13),L13/D13,"") -> 82.210191 | N13: =IF(ISNUMBER(L13),H13-L13,"") -> -154.28 | Q13: 09.10.2026 | R13: BUY | S13: Tata Elxsi Ltd | T13: 7 | U13: 3081 | V13: 21567
A14: 8 | B14: LTM Ltd (formerly LTIMindtree) | C14: ICICI Direct | D14: 37 | E14: 216602 | F14: =IF(AND(D14>0,N(E14)>0),E14/D14,"") -> 5854.1081 | G14: =IFERROR(INDEX(Prices!$C$6:$C$300,MATCH(B14,Prices!$A$6:$A$300,0)),"") -> 3915 | H14: =IF(ISNUMBER(G14),D14*G14,0) -> 144855 | I14: =H14-N(E14) -> -71747 | J14: =IF(N(E14)>0,I14/E14,"") -> -0.33123886 | K14: =IF($H$6=0,"",H14/$H$6) -> 0.026689147 | L14: 149365 | M14: =IF(ISNUMBER(L14),L14/D14,"") -> 4036.8919 | N14: =IF(ISNUMBER(L14),H14-L14,"") -> -4510 | O14: Shown as LTM Limited | Q14: 09.10.2026 | R14: BUY | S14: Eicher Motors Ltd | T14: 3 | U14: 6905.67 | V14: 20717
A15: 9 | B15: Fineotex Chemical Ltd | C15: ICICI Direct | D15: 2370 | E15: 94397 | F15: =IF(AND(D15>0,N(E15)>0),E15/D15,"") -> 39.829958 | G15: =IFERROR(INDEX(Prices!$C$6:$C$300,MATCH(B15,Prices!$A$6:$A$300,0)),"") -> 55.99 | H15: =IF(ISNUMBER(G15),D15*G15,0) -> 132696.3 | I15: =H15-N(E15) -> 38299.3 | J15: =IF(N(E15)>0,I15/E15,"") -> 0.40572582 | K15: =IF($H$6=0,"",H15/$H$6) -> 0.024448939 | L15: 133502 | M15: =IF(ISNUMBER(L15),L15/D15,"") -> 56.329958 | N15: =IF(ISNUMBER(L15),H15-L15,"") -> -805.7 | Q15: 09.10.2026 | R15: BUY | S15: Avenue Supermarts (DMart) Ltd | T15: 3 | U15: 3560.33 | V15: 10681
A16: 10 | B16: L&T Technology Services Ltd | C16: ICICI Direct | D16: 32 | E16: 151039 | F16: =IF(AND(D16>0,N(E16)>0),E16/D16,"") -> 4719.9688 | G16: =IFERROR(INDEX(Prices!$C$6:$C$300,MATCH(B16,Prices!$A$6:$A$300,0)),"") -> 3176.6 | H16: =IF(ISNUMBER(G16),D16*G16,0) -> 101651.2 | I16: =H16-N(E16) -> -49387.8 | J16: =IF(N(E16)>0,I16/E16,"") -> -0.32698707 | K16: =IF($H$6=0,"",H16/$H$6) -> 0.018728963 | L16: 102480 | M16: =IF(ISNUMBER(L16),L16/D16,"") -> 3202.5 | N16: =IF(ISNUMBER(L16),H16-L16,"") -> -828.8 | Q16: 09.10.2026 | R16: BUY | S16: Affle 3i Ltd | T16: 7 | U16: 1415 | V16: 9905
A17: 11 | B17: Persistent Systems Ltd | C17: ICICI Direct | D17: 17 | E17: 86733 | F17: =IF(AND(D17>0,N(E17)>0),E17/D17,"") -> 5101.9412 | G17: =IFERROR(INDEX(Prices!$C$6:$C$300,MATCH(B17,Prices!$A$6:$A$300,0)),"") -> 5468 | H17: =IF(ISNUMBER(G17),D17*G17,0) -> 92956 | I17: =H17-N(E17) -> 6223 | J17: =IF(N(E17)>0,I17/E17,"") -> 0.071748931 | K17: =IF($H$6=0,"",H17/$H$6) -> 0.017126895 | L17: 95634 | M17: =IF(ISNUMBER(L17),L17/D17,"") -> 5625.5294 | N17: =IF(ISNUMBER(L17),H17-L17,"") -> -2678 | Q17: 09.10.2026 | R17: BUY | S17: Trent Ltd | T17: 3 | U17: 2885 | V17: 8655
A18: 12 | B18: Vinati Organics Ltd | C18: ICICI Direct | D18: 82 | E18: 160741 | F18: =IF(AND(D18>0,N(E18)>0),E18/D18,"") -> 1960.2561 | G18: =IFERROR(INDEX(Prices!$C$6:$C$300,MATCH(B18,Prices!$A$6:$A$300,0)),"") -> 1120.8 | H18: =IF(ISNUMBER(G18),D18*G18,0) -> 91905.6 | I18: =H18-N(E18) -> -68835.4 | J18: =IF(N(E18)>0,I18/E18,"") -> -0.42823797 | K18: =IF($H$6=0,"",H18/$H$6) -> 0.016933362 | L18: 92480 | M18: =IF(ISNUMBER(L18),L18/D18,"") -> 1127.8049 | N18: =IF(ISNUMBER(L18),H18-L18,"") -> -574.4 | Q18: 09.10.2026 | R18: BUY | S18: Rategain Travel Technologies Ltd | T18: 8 | U18: 845 | V18: 6760
A19: 13 | B19: Tata Elxsi Ltd | C19: ICICI Direct | D19: 22 | E19: 86278 | F19: =IF(AND(D19>0,N(E19)>0),E19/D19,"") -> 3921.7273 | G19: =IFERROR(INDEX(Prices!$C$6:$C$300,MATCH(B19,Prices!$A$6:$A$300,0)),"") -> 2996 | H19: =IF(ISNUMBER(G19),D19*G19,0) -> 65912 | I19: =H19-N(E19) -> -20366 | J19: =IF(N(E19)>0,I19/E19,"") -> -0.23605091 | K19: =IF($H$6=0,"",H19/$H$6) -> 0.01214411 | L19: 67571 | M19: =IF(ISNUMBER(L19),L19/D19,"") -> 3071.4091 | N19: =IF(ISNUMBER(L19),H19-L19,"") -> -1659 | Q19: 09.10.2026 | R19: BUY | S19: L&T Technology Services Ltd | T19: 2 | U19: 3185 | V19: 6370
A20: 14 | B20: Affle 3i Ltd | C20: ICICI Direct | D20: 47 | E20: 72448 | F20: =IF(AND(D20>0,N(E20)>0),E20/D20,"") -> 1541.4468 | G20: =IFERROR(INDEX(Prices!$C$6:$C$300,MATCH(B20,Prices!$A$6:$A$300,0)),"") -> 1401.4 | H20: =IF(ISNUMBER(G20),D20*G20,0) -> 65865.8 | I20: =H20-N(E20) -> -6582.2 | J20: =IF(N(E20)>0,I20/E20,"") -> -0.09085413 | K20: =IF($H$6=0,"",H20/$H$6) -> 0.012135598 | L20: 66876 | M20: =IF(ISNUMBER(L20),L20/D20,"") -> 1422.8936 | N20: =IF(ISNUMBER(L20),H20-L20,"") -> -1010.2 | S20: Net bought (buys − sells) | V20: =SUMIFS(V7:V19,R7:R19,"BUY")-SUMIFS(V7:V19,R7:R19,"SELL") -> 500822
A21: 15 | B21: Tata Consultancy Services Ltd | C21: ICICI Direct | D21: 29 | E21: 122603 | F21: =IF(AND(D21>0,N(E21)>0),E21/D21,"") -> 4227.6897 | G21: =IFERROR(INDEX(Prices!$C$6:$C$300,MATCH(B21,Prices!$A$6:$A$300,0)),"") -> 2076 | H21: =IF(ISNUMBER(G21),D21*G21,0) -> 60204 | I21: =H21-N(E21) -> -62399 | J21: =IF(N(E21)>0,I21/E21,"") -> -0.50895166 | K21: =IF($H$6=0,"",H21/$H$6) -> 0.011092426 | L21: 63165 | M21: =IF(ISNUMBER(L21),L21/D21,"") -> 2178.1034 | N21: =IF(ISNUMBER(L21),H21-L21,"") -> -2961
A22: 16 | B22: Cash – ICICI Direct | C22: ICICI Direct | D22: 36000 | E22: 36000 | F22: =IF(AND(D22>0,N(E22)>0),E22/D22,"") -> 1 | G22: =IFERROR(INDEX(Prices!$C$6:$C$300,MATCH(B22,Prices!$A$6:$A$300,0)),"") -> 1 | H22: =IF(ISNUMBER(G22),D22*G22,0) -> 36000 | I22: =H22-N(E22) -> 0 | J22: =IF(N(E22)>0,I22/E22,"") -> 0 | K22: =IF($H$6=0,"",H22/$H$6) -> 0.006632904 | L22: 36000 | M22: =IF(ISNUMBER(L22),L22/D22,"") -> 1 | N22: =IF(ISNUMBER(L22),H22-L22,"") -> 0 | O22: Uninvested cash, valued at ₹1 per unit
A23: 17 | B23: Eicher Motors Ltd | C23: ICICI Direct | D23: 3 | E23: 20717 | F23: =IF(AND(D23>0,N(E23)>0),E23/D23,"") -> 6905.6667 | G23: =IFERROR(INDEX(Prices!$C$6:$C$300,MATCH(B23,Prices!$A$6:$A$300,0)),"") -> 6767.5 | H23: =IF(ISNUMBER(G23),D23*G23,0) -> 20302.5 | I23: =H23-N(E23) -> -414.5 | J23: =IF(N(E23)>0,I23/E23,"") -> -0.020007723 | K23: =IF($H$6=0,"",H23/$H$6) -> 0.0037406815 | L23: 20805 | M23: =IF(ISNUMBER(L23),L23/D23,"") -> 6935 | N23: =IF(ISNUMBER(L23),H23-L23,"") -> -502.5 | O23: New position 09.10.2026
A24: 18 | B24: Trent Ltd | C24: ICICI Direct | D24: 5 | E24: 14549 | F24: =IF(AND(D24>0,N(E24)>0),E24/D24,"") -> 2909.8 | G24: =IFERROR(INDEX(Prices!$C$6:$C$300,MATCH(B24,Prices!$A$6:$A$300,0)),"") -> 2876.3 | H24: =IF(ISNUMBER(G24),D24*G24,0) -> 14381.5 | I24: =H24-N(E24) -> -167.5 | J24: =IF(N(E24)>0,I24/E24,"") -> -0.011512819 | K24: =IF($H$6=0,"",H24/$H$6) -> 0.002649753 | L24: 14550 | M24: =IF(ISNUMBER(L24),L24/D24,"") -> 2910 | N24: =IF(ISNUMBER(L24),H24-L24,"") -> -168.5
A25: 19 | B25: Avenue Supermarts (DMart) Ltd | C25: ICICI Direct | D25: 4 | E25: 14740 | F25: =IF(AND(D25>0,N(E25)>0),E25/D25,"") -> 3685 | G25: =IFERROR(INDEX(Prices!$C$6:$C$300,MATCH(B25,Prices!$A$6:$A$300,0)),"") -> 3585 | H25: =IF(ISNUMBER(G25),D25*G25,0) -> 14340 | I25: =H25-N(E25) -> -400 | J25: =IF(N(E25)>0,I25/E25,"") -> -0.027137042 | K25: =IF($H$6=0,"",H25/$H$6) -> 0.0026421068 | L25: 14270 | M25: =IF(ISNUMBER(L25),L25/D25,"") -> 3567.5 | N25: =IF(ISNUMBER(L25),H25-L25,"") -> 70
A26: 20 | B26: Rategain Travel Technologies Ltd | C26: ICICI Direct | D26: 8 | E26: 6760 | F26: =IF(AND(D26>0,N(E26)>0),E26/D26,"") -> 845 | G26: =IFERROR(INDEX(Prices!$C$6:$C$300,MATCH(B26,Prices!$A$6:$A$300,0)),"") -> 830.95 | H26: =IF(ISNUMBER(G26),D26*G26,0) -> 6647.6 | I26: =H26-N(E26) -> -112.4 | J26: =IF(N(E26)>0,I26/E26,"") -> -0.016627219 | K26: =IF($H$6=0,"",H26/$H$6) -> 0.0012248026 | L26: 6727 | M26: =IF(ISNUMBER(L26),L26/D26,"") -> 840.875 | N26: =IF(ISNUMBER(L26),H26-L26,"") -> -79.4 | O26: New position 09.10.2026
A27: 21 | B27: Nestle India Ltd | C27: ICICI Direct | D27: 1 | E27: 1494 | F27: =IF(AND(D27>0,N(E27)>0),E27/D27,"") -> 1494 | G27: =IFERROR(INDEX(Prices!$C$6:$C$300,MATCH(B27,Prices!$A$6:$A$300,0)),"") -> 1319 | H27: =IF(ISNUMBER(G27),D27*G27,0) -> 1319 | I27: =H27-N(E27) -> -175 | J27: =IF(N(E27)>0,I27/E27,"") -> -0.11713521 | K27: =IF($H$6=0,"",H27/$H$6) -> 0.00024302223 | L27: 1325 | M27: =IF(ISNUMBER(L27),L27/D27,"") -> 1325 | N27: =IF(ISNUMBER(L27),H27-L27,"") -> -6

Sheet Gautam
A1: GAUTAM – HDFC Securities
A2: Holdings as of 05.10.2026. Statement prices: 05.10.2026. Market value uses the common Ref Price from the Prices sheet so all portfolios are valued alike.
A3: Blue = figures from the statement (inputs). Black = formulas. Green = pulled from another sheet.
A5: # | B5: Company | C5: Broker | D5: No. of Shares | E5: Total Invested (₹) | F5: Wtd Avg Cost (₹) | G5: Ref Price (₹) | H5: Market Value (₹) | I5: Unrealised P&L (₹) | J5: P&L % | K5: Portfolio Weight % | L5: Statement Mkt Value (₹) | M5: Statement Price (₹) | N5: Repricing Diff vs Stmt (₹) | O5: Note
B6: TOTAL | E6: =SUM(E7:E38) -> 5000486 | H6: =SUM(H7:H38) -> 4672678.1 | I6: =H6-E6 -> -327807.88 | J6: =IF(E6>0,I6/E6,"") -> -0.065555204 | K6: =SUM(K7:K38) -> 1 | L6: =SUM(L7:L38) -> 4762080 | N6: =SUM(N7:N38) -> -89401.88
A7: 1 | B7: Bajaj Finance Ltd | C7: HDFC Securities | D7: 1664 | E7: 1691323 | F7: =IF(AND(D7>0,N(E7)>0),E7/D7,"") -> 1016.4201 | G7: =IFERROR(INDEX(Prices!$C$6:$C$300,MATCH(B7,Prices!$A$6:$A$300,0)),"") -> 955.95 | H7: =IF(ISNUMBER(G7),D7*G7,0) -> 1590700.8 | I7: =H7-N(E7) -> -100622.2 | J7: =IF(N(E7)>0,I7/E7,"") -> -0.05949319 | K7: =IF($H$6=0,"",H7/$H$6) -> 0.34042593 | L7: 1632384 | M7: =IF(ISNUMBER(L7),L7/D7,"") -> 981 | N7: =IF(ISNUMBER(L7),H7-L7,"") -> -41683.2
A8: 2 | B8: Poonawalla Fincorp Ltd | C8: HDFC Securities | D8: 1001 | E8: 470470 | F8: =IF(AND(D8>0,N(E8)>0),E8/D8,"") -> 470 | G8: =IFERROR(INDEX(Prices!$C$6:$C$300,MATCH(B8,Prices!$A$6:$A$300,0)),"") -> 437.9 | H8: =IF(ISNUMBER(G8),D8*G8,0) -> 438337.9 | I8: =H8-N(E8) -> -32132.1 | J8: =IF(N(E8)>0,I8/E8,"") -> -0.068297872 | K8: =IF($H$6=0,"",H8/$H$6) -> 0.093808709 | L8: 443443 | M8: =IF(ISNUMBER(L8),L8/D8,"") -> 443 | N8: =IF(ISNUMBER(L8),H8-L8,"") -> -5105.1
A9: 3 | B9: Nippon India ETF Nifty 1D Rate Liquid BeES | C9: HDFC Securities | D9: 300 | E9: 300000 | F9: =IF(AND(D9>0,N(E9)>0),E9/D9,"") -> 1000 | G9: =IFERROR(INDEX(Prices!$C$6:$C$300,MATCH(B9,Prices!$A$6:$A$300,0)),"") -> 1000 | H9: =IF(ISNUMBER(G9),D9*G9,0) -> 300000 | I9: =H9-N(E9) -> 0 | J9: =IF(N(E9)>0,I9/E9,"") -> 0 | K9: =IF($H$6=0,"",H9/$H$6) -> 0.06420301 | L9: 300000 | M9: =IF(ISNUMBER(L9),L9/D9,"") -> 1000 | N9: =IF(ISNUMBER(L9),H9-L9,"") -> 0
A10: 4 | B10: HDFC Bank Ltd | C10: HDFC Securities | D10: 390 | E10: 280566 | F10: =IF(AND(D10>0,N(E10)>0),E10/D10,"") -> 719.4 | G10: =IFERROR(INDEX(Prices!$C$6:$C$300,MATCH(B10,Prices!$A$6:$A$300,0)),"") -> 692.25 | H10: =IF(ISNUMBER(G10),D10*G10,0) -> 269977.5 | I10: =H10-N(E10) -> -10588.5 | J10: =IF(N(E10)>0,I10/E10,"") -> -0.037739783 | K10: =IF($H$6=0,"",H10/$H$6) -> 0.057777894 | L10: 275730 | M10: =IF(ISNUMBER(L10),L10/D10,"") -> 707 | N10: =IF(ISNUMBER(L10),H10-L10,"") -> -5752.5
A11: 5 | B11: LTM Ltd (formerly LTIMindtree) | C11: HDFC Securities | D11: 60 | E11: 273840 | F11: =IF(AND(D11>0,N(E11)>0),E11/D11,"") -> 4564 | G11: =IFERROR(INDEX(Prices!$C$6:$C$300,MATCH(B11,Prices!$A$6:$A$300,0)),"") -> 3915 | H11: =IF(ISNUMBER(G11),D11*G11,0) -> 234900 | I11: =H11-N(E11) -> -38940 | J11: =IF(N(E11)>0,I11/E11,"") -> -0.14219982 | K11: =IF($H$6=0,"",H11/$H$6) -> 0.050270957 | L11: 240420 | M11: =IF(ISNUMBER(L11),L11/D11,"") -> 4007 | N11: =IF(ISNUMBER(L11),H11-L11,"") -> -5520 | O11: Shown as LTM Limited
A12: 6 | B12: Connplex Cinemas Ltd | C12: HDFC Securities | D12: 800 | E12: 211200 | F12: =IF(AND(D12>0,N(E12)>0),E12/D12,"") -> 264 | G12: =IFERROR(INDEX(Prices!$C$6:$C$300,MATCH(B12,Prices!$A$6:$A$300,0)),"") -> 245 | H12: =IF(ISNUMBER(G12),D12*G12,0) -> 196000 | I12: =H12-N(E12) -> -15200 | J12: =IF(N(E12)>0,I12/E12,"") -> -0.071969697 | K12: =IF($H$6=0,"",H12/$H$6) -> 0.041945967 | L12: 196800 | M12: =IF(ISNUMBER(L12),L12/D12,"") -> 246 | N12: =IF(ISNUMBER(L12),H12-L12,"") -> -800
A13: 7 | B13: Tata Consultancy Services Ltd | C13: HDFC Securities | D13: 92 | E13: 210588 | F13: =IF(AND(D13>0,N(E13)>0),E13/D13,"") -> 2289 | G13: =IFERROR(INDEX(Prices!$C$6:$C$300,MATCH(B13,Prices!$A$6:$A$300,0)),"") -> 2076 | H13: =IF(ISNUMBER(G13),D13*G13,0) -> 190992 | I13: =H13-N(E13) -> -19596 | J13: =IF(N(E13)>0,I13/E13,"") -> -0.093053735 | K13: =IF($H$6=0,"",H13/$H$6) -> 0.040874204 | L13: 194672 | M13: =IF(ISNUMBER(L13),L13/D13,"") -> 2116 | N13: =IF(ISNUMBER(L13),H13-L13,"") -> -3680
A14: 8 | B14: Titan Company Ltd | C14: HDFC Securities | D14: 41 | E14: 197804 | F14: =IF(AND(D14>0,N(E14)>0),E14/D14,"") -> 4824.4878 | G14: =IFERROR(INDEX(Prices!$C$6:$C$300,MATCH(B14,Prices!$A$6:$A$300,0)),"") -> 4359.5 | H14: =IF(ISNUMBER(G14),D14*G14,0) -> 178739.5 | I14: =H14-N(E14) -> -19064.5 | J14: =IF(N(E14)>0,I14/E14,"") -> -0.096380761 | K14: =IF($H$6=0,"",H14/$H$6) -> 0.038252046 | L14: 185156 | M14: =IF(ISNUMBER(L14),L14/D14,"") -> 4516 | N14: =IF(ISNUMBER(L14),H14-L14,"") -> -6416.5
A15: 9 | B15: AFCOM Holdings Ltd | C15: HDFC Securities | D15: 120 | E15: 199920 | F15: =IF(AND(D15>0,N(E15)>0),E15/D15,"") -> 1666 | G15: =IFERROR(INDEX(Prices!$C$6:$C$300,MATCH(B15,Prices!$A$6:$A$300,0)),"") -> 1432.05 | H15: =IF(ISNUMBER(G15),D15*G15,0) -> 171846 | I15: =H15-N(E15) -> -28074 | J15: =IF(N(E15)>0,I15/E15,"") -> -0.14042617 | K15: =IF($H$6=0,"",H15/$H$6) -> 0.036776768 | L15: 177720 | M15: =IF(ISNUMBER(L15),L15/D15,"") -> 1481 | N15: =IF(ISNUMBER(L15),H15-L15,"") -> -5874 | O15: Shown as AFCOM
A16: 10 | B16: Eicher Motors Ltd | C16: HDFC Securities | D16: 17 | E16: 126249 | F16: =IF(AND(D16>0,N(E16)>0),E16/D16,"") -> 7426.4118 | G16: =IFERROR(INDEX(Prices!$C$6:$C$300,MATCH(B16,Prices!$A$6:$A$300,0)),"") -> 6767.5 | H16: =IF(ISNUMBER(G16),D16*G16,0) -> 115047.5 | I16: =H16-N(E16) -> -11201.5 | J16: =IF(N(E16)>0,I16/E16,"") -> -0.088725455 | K16: =IF($H$6=0,"",H16/$H$6) -> 0.024621319 | L16: 117640 | M16: =IF(ISNUMBER(L16),L16/D16,"") -> 6920 | N16: =IF(ISNUMBER(L16),H16-L16,"") -> -2592.5
A17: 11 | B17: Bajaj Housing Finance Ltd | C17: HDFC Securities | D17: 1326 | E17: 110708 | F17: =IF(AND(D17>0,N(E17)>0),E17/D17,"") -> 83.490196 | G17: =IFERROR(INDEX(Prices!$C$6:$C$300,MATCH(B17,Prices!$A$6:$A$300,0)),"") -> 82.14 | H17: =IF(ISNUMBER(G17),D17*G17,0) -> 108917.64 | I17: =H17-N(E17) -> -1790.36 | J17: =IF(N(E17)>0,I17/E17,"") -> -0.016171912 | K17: =IF($H$6=0,"",H17/$H$6) -> 0.023309468 | L17: 109528 | M17: =IF(ISNUMBER(L17),L17/D17,"") -> 82.600302 | N17: =IF(ISNUMBER(L17),H17-L17,"") -> -610.36
A18: 12 | B18: Tata Elxsi Ltd | C18: HDFC Securities | D18: 34 | E18: 113506 | F18: =IF(AND(D18>0,N(E18)>0),E18/D18,"") -> 3338.4118 | G18: =IFERROR(INDEX(Prices!$C$6:$C$300,MATCH(B18,Prices!$A$6:$A$300,0)),"") -> 2996 | H18: =IF(ISNUMBER(G18),D18*G18,0) -> 101864 | I18: =H18-N(E18) -> -11642 | J18: =IF(N(E18)>0,I18/E18,"") -> -0.10256727 | K18: =IF($H$6=0,"",H18/$H$6) -> 0.021799918 | L18: 105740 | M18: =IF(ISNUMBER(L18),L18/D18,"") -> 3110 | N18: =IF(ISNUMBER(L18),H18-L18,"") -> -3876
A19: 13 | B19: InterGlobe Aviation Ltd (IndiGo) | C19: HDFC Securities | D19: 20 | E19: 103860 | F19: =IF(AND(D19>0,N(E19)>0),E19/D19,"") -> 5193 | G19: =IFERROR(INDEX(Prices!$C$6:$C$300,MATCH(B19,Prices!$A$6:$A$300,0)),"") -> 4813.1 | H19: =IF(ISNUMBER(G19),D19*G19,0) -> 96262 | I19: =H19-N(E19) -> -7598 | J19: =IF(N(E19)>0,I19/E19,"") -> -0.073156172 | K19: =IF($H$6=0,"",H19/$H$6) -> 0.020601034 | L19: 98600 | M19: =IF(ISNUMBER(L19),L19/D19,"") -> 4930 | N19: =IF(ISNUMBER(L19),H19-L19,"") -> -2338
A20: 14 | B20: Persistent Systems Ltd | C20: HDFC Securities | D20: 16 | E20: 88018 | F20: =IF(AND(D20>0,N(E20)>0),E20/D20,"") -> 5501.125 | G20: =IFERROR(INDEX(Prices!$C$6:$C$300,MATCH(B20,Prices!$A$6:$A$300,0)),"") -> 5468 | H20: =IF(ISNUMBER(G20),D20*G20,0) -> 87488 | I20: =H20-N(E20) -> -530 | J20: =IF(N(E20)>0,I20/E20,"") -> -0.0060214956 | K20: =IF($H$6=0,"",H20/$H$6) -> 0.01872331 | L20: 88704 | M20: =IF(ISNUMBER(L20),L20/D20,"") -> 5544 | N20: =IF(ISNUMBER(L20),H20-L20,"") -> -1216
A21: 15 | B21: Affle 3i Ltd | C21: HDFC Securities | D21: 58 | E21: 95198 | F21: =IF(AND(D21>0,N(E21)>0),E21/D21,"") -> 1641.3448 | G21: =IFERROR(INDEX(Prices!$C$6:$C$300,MATCH(B21,Prices!$A$6:$A$300,0)),"") -> 1401.4 | H21: =IF(ISNUMBER(G21),D21*G21,0) -> 81281.2 | I21: =H21-N(E21) -> -13916.8 | J21: =IF(N(E21)>0,I21/E21,"") -> -0.14618795 | K21: =IF($H$6=0,"",H21/$H$6) -> 0.017394992 | L21: 84100 | M21: =IF(ISNUMBER(L21),L21/D21,"") -> 1450 | N21: =IF(ISNUMBER(L21),H21-L21,"") -> -2818.8
A22: 16 | B22: Trent Ltd | C22: HDFC Securities | D22: 28 | E22: 77644 | F22: =IF(AND(D22>0,N(E22)>0),E22/D22,"") -> 2773 | G22: =IFERROR(INDEX(Prices!$C$6:$C$300,MATCH(B22,Prices!$A$6:$A$300,0)),"") -> 2876.3 | H22: =IF(ISNUMBER(G22),D22*G22,0) -> 80536.4 | I22: =H22-N(E22) -> 2892.4 | J22: =IF(N(E22)>0,I22/E22,"") -> 0.037252074 | K22: =IF($H$6=0,"",H22/$H$6) -> 0.017235598 | L22: 72240 | M22: =IF(ISNUMBER(L22),L22/D22,"") -> 2580 | N22: =IF(ISNUMBER(L22),H22-L22,"") -> 8296.4
A23: 17 | B23: L&T Technology Services Ltd | C23: HDFC Securities | D23: 25 | E23: 84761 | F23: =IF(AND(D23>0,N(E23)>0),E23/D23,"") -> 3390.44 | G23: =IFERROR(INDEX(Prices!$C$6:$C$300,MATCH(B23,Prices!$A$6:$A$300,0)),"") -> 3176.6 | H23: =IF(ISNUMBER(G23),D23*G23,0) -> 79415 | I23: =H23-N(E23) -> -5346 | J23: =IF(N(E23)>0,I23/E23,"") -> -0.06307146 | K23: =IF($H$6=0,"",H23/$H$6) -> 0.016995607 | L23: 81700 | M23: =IF(ISNUMBER(L23),L23/D23,"") -> 3268 | N23: =IF(ISNUMBER(L23),H23-L23,"") -> -2285
A24: 18 | B24: Avenue Supermarts (DMart) Ltd | C24: HDFC Securities | D24: 21 | E24: 80409 | F24: =IF(AND(D24>0,N(E24)>0),E24/D24,"") -> 3829 | G24: =IFERROR(INDEX(Prices!$C$6:$C$300,MATCH(B24,Prices!$A$6:$A$300,0)),"") -> 3585 | H24: =IF(ISNUMBER(G24),D24*G24,0) -> 75285 | I24: =H24-N(E24) -> -5124 | J24: =IF(N(E24)>0,I24/E24,"") -> -0.06372421 | K24: =IF($H$6=0,"",H24/$H$6) -> 0.016111745 | L24: 80073 | M24: =IF(ISNUMBER(L24),L24/D24,"") -> 3813 | N24: =IF(ISNUMBER(L24),H24-L24,"") -> -4788
A25: 19 | B25: Waaree Energies Ltd | C25: HDFC Securities | D25: 24 | E25: 61261 | F25: =IF(AND(D25>0,N(E25)>0),E25/D25,"") -> 2552.5417 | G25: =IFERROR(INDEX(Prices!$C$6:$C$300,MATCH(B25,Prices!$A$6:$A$300,0)),"") -> 2317 | H25: =IF(ISNUMBER(G25),D25*G25,0) -> 55608 | I25: =H25-N(E25) -> -5653 | J25: =IF(N(E25)>0,I25/E25,"") -> -0.092277305 | K25: =IF($H$6=0,"",H25/$H$6) -> 0.01190067 | L25: 56160 | M25: =IF(ISNUMBER(L25),L25/D25,"") -> 2340 | N25: =IF(ISNUMBER(L25),H25-L25,"") -> -552
A26: 20 | B26: Rategain Travel Technologies Ltd | C26: HDFC Securities | D26: 63 | E26: 52533 | F26: =IF(AND(D26>0,N(E26)>0),E26/D26,"") -> 833.85714 | G26: =IFERROR(INDEX(Prices!$C$6:$C$300,MATCH(B26,Prices!$A$6:$A$300,0)),"") -> 830.95 | H26: =IF(ISNUMBER(G26),D26*G26,0) -> 52349.85 | I26: =H26-N(E26) -> -183.15 | J26: =IF(N(E26)>0,I26/E26,"") -> -0.00348638 | K26: =IF($H$6=0,"",H26/$H$6) -> 0.011203393 | L26: 52983 | M26: =IF(ISNUMBER(L26),L26/D26,"") -> 841 | N26: =IF(ISNUMBER(L26),H26-L26,"") -> -633.15
A27: 21 | B27: Fineotex Chemical Ltd | C27: HDFC Securities | D27: 692 | E27: 39486 | F27: =IF(AND(D27>0,N(E27)>0),E27/D27,"") -> 57.060694 | G27: =IFERROR(INDEX(Prices!$C$6:$C$300,MATCH(B27,Prices!$A$6:$A$300,0)),"") -> 55.99 | H27: =IF(ISNUMBER(G27),D27*G27,0) -> 38745.08 | I27: =H27-N(E27) -> -740.92 | J27: =IF(N(E27)>0,I27/E27,"") -> -0.018764119 | K27: =IF($H$6=0,"",H27/$H$6) -> 0.0082918359 | L27: 38544 | M27: =IF(ISNUMBER(L27),L27/D27,"") -> 55.699422 | N27: =IF(ISNUMBER(L27),H27-L27,"") -> 201.08
... A36: 30 | B36: HDFC Gold ETF | C36: HDFC Securities | D36: 27 | E36: 3672 | F36: =IF(AND(D36>0,N(E36)>0),E36/D36,"") -> 136 | G36: =IFERROR(INDEX(Prices!$C$6:$C$300,MATCH(B36,Prices!$A$6:$A$300,0)),"") -> 127 | H36: =IF(ISNUMBER(G36),D36*G36,0) -> 3429 | I36: =H36-N(E36) -> -243 | J36: =IF(N(E36)>0,I36/E36,"") -> -0.066176471 | K36: =IF($H$6=0,"",H36/$H$6) -> 0.0007338404 | L36: 3429 | M36: =IF(ISNUMBER(L36),L36/D36,"") -> 127 | N36: =IF(ISNUMBER(L36),H36-L36,"") -> 0
A37: 31 | B37: NEPC Agro Foods Ltd | C37: HDFC Securities | D37: 144 | F37: =IF(AND(D37>0,N(E37)>0),E37/D37,"") | G37: =IFERROR(INDEX(Prices!$C$6:$C$300,MATCH(B37,Prices!$A$6:$A$300,0)),"") | H37: =IF(ISNUMBER(G37),D37*G37,0) -> 0 | I37: =H37-N(E37) -> 0 | J37: =IF(N(E37)>0,I37/E37,"") | K37: =IF($H$6=0,"",H37/$H$6) -> 0 | M37: =IF(ISNUMBER(L37),L37/D37,"") | N37: =IF(ISNUMBER(L37),H37-L37,"") | O37: No cost or price on statement (marked *) – carried at nil
A38: 32 | B38: PSL Ltd (formerly PSL Holdings Ltd) | C38: HDFC Securities | D38: 1000 | F38: =IF(AND(D38>0,N(E38)>0),E38/D38,"") | G38: =IFERROR(INDEX(Prices!$C$6:$C$300,MATCH(B38,Prices!$A$6:$A$300,0)),"") | H38: =IF(ISNUMBER(G38),D38*G38,0) -> 0 | I38: =H38-N(E38) -> 0 | J38: =IF(N(E38)>0,I38/E38,"") | K38: =IF($H$6=0,"",H38/$H$6) -> 0 | M38: =IF(ISNUMBER(L38),L38/D38,"") | N38: =IF(ISNUMBER(L38),H38-L38,"") | O38: No cost or price on statement (marked *) – carried at nil

Sheet DA
A1: DA – HDFC Securities + Kotak Securities
A2: Holdings as of Post 12.09.2026 trades (file dated 04.10.2026). Statement prices: As on statement (date not printed). Market value uses the common Ref Price from the Prices sheet so all portfolios are valued alike.
A3: Blue = figures from the statement (inputs). Black = formulas. Green = pulled from another sheet.
A5: # | B5: Company | C5: Broker | D5: No. of Shares | E5: Total Invested (₹) | F5: Wtd Avg Cost (₹) | G5: Ref Price (₹) | H5: Market Value (₹) | I5: Unrealised P&L (₹) | J5: P&L % | K5: Portfolio Weight % | L5: Statement Mkt Value (₹) | M5: Statement Price (₹) | N5: Repricing Diff vs Stmt (₹) | O5: Note
B6: TOTAL | E6: =SUM(E7:E59) -> 4364996 | H6: =SUM(H7:H59) -> 3877935.6 | I6: =H6-E6 -> -487060.36 | J6: =IF(E6>0,I6/E6,"") -> -0.11158323 | K6: =SUM(K7:K59) -> 1 | L6: =SUM(L7:L59) -> 4141021 | N6: =SUM(N7:N59) -> -263085.36
A7: 1 | B7: Bajaj Finance Ltd | C7: HDFC Sec + Kotak | D7: 915 | E7: 964117 | F7: =IF(AND(D7>0,N(E7)>0),E7/D7,"") -> 1053.6798 | G7: =IFERROR(INDEX(Prices!$C$6:$C$300,MATCH(B7,Prices!$A$6:$A$300,0)),"") -> 955.95 | H7: =IF(ISNUMBER(G7),D7*G7,0) -> 874694.25 | I7: =H7-N(E7) -> -89422.75 | J7: =IF(N(E7)>0,I7/E7,"") -> -0.092750932 | K7: =IF($H$6=0,"",H7/$H$6) -> 0.22555667 | L7: 946110 | M7: =IF(ISNUMBER(L7),L7/D7,"") -> 1034 | N7: =IF(ISNUMBER(L7),H7-L7,"") -> -71415.75
A8: 2 | B8: Poonawalla Fincorp Ltd | C8: HDFC Sec + Kotak | D8: 792 | E8: 376533 | F8: =IF(AND(D8>0,N(E8)>0),E8/D8,"") -> 475.42045 | G8: =IFERROR(INDEX(Prices!$C$6:$C$300,MATCH(B8,Prices!$A$6:$A$300,0)),"") -> 437.9 | H8: =IF(ISNUMBER(G8),D8*G8,0) -> 346816.8 | I8: =H8-N(E8) -> -29716.2 | J8: =IF(N(E8)>0,I8/E8,"") -> -0.078920573 | K8: =IF($H$6=0,"",H8/$H$6) -> 0.089433356 | L8: 352440 | M8: =IF(ISNUMBER(L8),L8/D8,"") -> 445 | N8: =IF(ISNUMBER(L8),H8-L8,"") -> -5623.2
A9: 3 | B9: Titan Company Ltd | C9: HDFC Sec + Kotak | D9: 59 | E9: 260113 | F9: =IF(AND(D9>0,N(E9)>0),E9/D9,"") -> 4408.6949 | G9: =IFERROR(INDEX(Prices!$C$6:$C$300,MATCH(B9,Prices!$A$6:$A$300,0)),"") -> 4359.5 | H9: =IF(ISNUMBER(G9),D9*G9,0) -> 257210.5 | I9: =H9-N(E9) -> -2902.5 | J9: =IF(N(E9)>0,I9/E9,"") -> -0.011158612 | K9: =IF($H$6=0,"",H9/$H$6) -> 0.066326655 | L9: 295590 | M9: =IF(ISNUMBER(L9),L9/D9,"") -> 5010 | N9: =IF(ISNUMBER(L9),H9-L9,"") -> -38379.5
A10: 4 | B10: HDFC Bank Ltd | C10: HDFC Sec + Kotak | D10: 337 | E10: 250961 | F10: =IF(AND(D10>0,N(E10)>0),E10/D10,"") -> 744.69139 | G10: =IFERROR(INDEX(Prices!$C$6:$C$300,MATCH(B10,Prices!$A$6:$A$300,0)),"") -> 692.25 | H10: =IF(ISNUMBER(G10),D10*G10,0) -> 233288.25 | I10: =H10-N(E10) -> -17672.75 | J10: =IF(N(E10)>0,I10/E10,"") -> -0.070420304 | K10: =IF($H$6=0,"",H10/$H$6) -> 0.060157845 | L10: 238596 | M10: =IF(ISNUMBER(L10),L10/D10,"") -> 708 | N10: =IF(ISNUMBER(L10),H10-L10,"") -> -5307.75
A11: 5 | B11: Connplex Cinemas Ltd | C11: Kotak Securities | D11: 800 | E11: 180000 | F11: =IF(AND(D11>0,N(E11)>0),E11/D11,"") -> 225 | G11: =IFERROR(INDEX(Prices!$C$6:$C$300,MATCH(B11,Prices!$A$6:$A$300,0)),"") -> 245 | H11: =IF(ISNUMBER(G11),D11*G11,0) -> 196000 | I11: =H11-N(E11) -> 16000 | J11: =IF(N(E11)>0,I11/E11,"") -> 0.088888889 | K11: =IF($H$6=0,"",H11/$H$6) -> 0.050542355 | L11: 212000 | M11: =IF(ISNUMBER(L11),L11/D11,"") -> 265 | N11: =IF(ISNUMBER(L11),H11-L11,"") -> -16000 | O11: Shown as Connplex Smart Theatres Ltd
A12: 6 | B12: Reliance Industries Ltd | C12: HDFC Securities | D12: 146 | E12: 198998 | F12: =IF(AND(D12>0,N(E12)>0),E12/D12,"") -> 1363 | G12: =IFERROR(INDEX(Prices!$C$6:$C$300,MATCH(B12,Prices!$A$6:$A$300,0)),"") -> 1178 | H12: =IF(ISNUMBER(G12),D12*G12,0) -> 171988 | I12: =H12-N(E12) -> -27010 | J12: =IF(N(E12)>0,I12/E12,"") -> -0.13573001 | K12: =IF($H$6=0,"",H12/$H$6) -> 0.044350401 | L12: 183668 | M12: =IF(ISNUMBER(L12),L12/D12,"") -> 1258 | N12: =IF(ISNUMBER(L12),H12-L12,"") -> -11680
A13: 7 | B13: AFCOM Holdings Ltd | C13: Kotak Securities | D13: 120 | E13: 169080 | F13: =IF(AND(D13>0,N(E13)>0),E13/D13,"") -> 1409 | G13: =IFERROR(INDEX(Prices!$C$6:$C$300,MATCH(B13,Prices!$A$6:$A$300,0)),"") -> 1432.05 | H13: =IF(ISNUMBER(G13),D13*G13,0) -> 171846 | I13: =H13-N(E13) -> 2766 | J13: =IF(N(E13)>0,I13/E13,"") -> 0.01635912 | K13: =IF($H$6=0,"",H13/$H$6) -> 0.044313783 | L13: 184800 | M13: =IF(ISNUMBER(L13),L13/D13,"") -> 1540 | N13: =IF(ISNUMBER(L13),H13-L13,"") -> -12954 | O13: Shown as Afcom Holdings Ltd
A14: 8 | B14: Bajaj Housing Finance Ltd | C14: HDFC Sec + Kotak | D14: 1732 | E14: 172732 | F14: =IF(AND(D14>0,N(E14)>0),E14/D14,"") -> 99.729792 | G14: =IFERROR(INDEX(Prices!$C$6:$C$300,MATCH(B14,Prices!$A$6:$A$300,0)),"") -> 82.14 | H14: =IF(ISNUMBER(G14),D14*G14,0) -> 142266.48 | I14: =H14-N(E14) -> -30465.52 | J14: =IF(N(E14)>0,I14/E14,"") -> -0.1763745 | K14: =IF($H$6=0,"",H14/$H$6) -> 0.036686137 | L14: 145488 | M14: =IF(ISNUMBER(L14),L14/D14,"") -> 84 | N14: =IF(ISNUMBER(L14),H14-L14,"") -> -3221.52
A15: 9 | B15: Fineotex Chemical Ltd | C15: HDFC Securities | D15: 2030 | E15: 69020 | F15: =IF(AND(D15>0,N(E15)>0),E15/D15,"") -> 34 | G15: =IFERROR(INDEX(Prices!$C$6:$C$300,MATCH(B15,Prices!$A$6:$A$300,0)),"") -> 55.99 | H15: =IF(ISNUMBER(G15),D15*G15,0) -> 113659.7 | I15: =H15-N(E15) -> 44639.7 | J15: =IF(N(E15)>0,I15/E15,"") -> 0.64676471 | K15: =IF($H$6=0,"",H15/$H$6) -> 0.029309331 | L15: 117131 | M15: =IF(ISNUMBER(L15),L15/D15,"") -> 57.7 | N15: =IF(ISNUMBER(L15),H15-L15,"") -> -3471.3
A16: 10 | B16: Persistent Systems Ltd | C16: HDFC Sec + Kotak | D16: 18 | E16: 91873 | F16: =IF(AND(D16>0,N(E16)>0),E16/D16,"") -> 5104.0556 | G16: =IFERROR(INDEX(Prices!$C$6:$C$300,MATCH(B16,Prices!$A$6:$A$300,0)),"") -> 5468 | H16: =IF(ISNUMBER(G16),D16*G16,0) -> 98424 | I16: =H16-N(E16) -> 6551 | J16: =IF(N(E16)>0,I16/E16,"") -> 0.071304954 | K16: =IF($H$6=0,"",H16/$H$6) -> 0.025380514 | L16: 99288 | M16: =IF(ISNUMBER(L16),L16/D16,"") -> 5516 | N16: =IF(ISNUMBER(L16),H16-L16,"") -> -864
A17: 11 | B17: Jio Financial Services Ltd | C17: HDFC Securities | D17: 374 | E17: 94996 | F17: =IF(AND(D17>0,N(E17)>0),E17/D17,"") -> 254 | G17: =IFERROR(INDEX(Prices!$C$6:$C$300,MATCH(B17,Prices!$A$6:$A$300,0)),"") -> 211 | H17: =IF(ISNUMBER(G17),D17*G17,0) -> 78914 | I17: =H17-N(E17) -> -16082 | J17: =IF(N(E17)>0,I17/E17,"") -> -0.16929134 | K17: =IF($H$6=0,"",H17/$H$6) -> 0.020349487 | L17: 86020 | M17: =IF(ISNUMBER(L17),L17/D17,"") -> 230 | N17: =IF(ISNUMBER(L17),H17-L17,"") -> -7106
A18: 12 | B18: L&T Technology Services Ltd | C18: HDFC Sec + Kotak | D18: 24 | E18: 85824 | F18: =IF(AND(D18>0,N(E18)>0),E18/D18,"") -> 3576 | G18: =IFERROR(INDEX(Prices!$C$6:$C$300,MATCH(B18,Prices!$A$6:$A$300,0)),"") -> 3176.6 | H18: =IF(ISNUMBER(G18),D18*G18,0) -> 76238.4 | I18: =H18-N(E18) -> -9585.6 | J18: =IF(N(E18)>0,I18/E18,"") -> -0.11168904 | K18: =IF($H$6=0,"",H18/$H$6) -> 0.019659532 | L18: 80088 | M18: =IF(ISNUMBER(L18),L18/D18,"") -> 3337 | N18: =IF(ISNUMBER(L18),H18-L18,"") -> -3849.6
A19: 13 | B19: Nestle India Ltd | C19: Kotak Securities | D19: 52 | E19: 65780 | F19: =IF(AND(D19>0,N(E19)>0),E19/D19,"") -> 1265 | G19: =IFERROR(INDEX(Prices!$C$6:$C$300,MATCH(B19,Prices!$A$6:$A$300,0)),"") -> 1319 | H19: =IF(ISNUMBER(G19),D19*G19,0) -> 68588 | I19: =H19-N(E19) -> 2808 | J19: =IF(N(E19)>0,I19/E19,"") -> 0.042687747 | K19: =IF($H$6=0,"",H19/$H$6) -> 0.01768673 | L19: 71916 | M19: =IF(ISNUMBER(L19),L19/D19,"") -> 1383 | N19: =IF(ISNUMBER(L19),H19-L19,"") -> -3328
A20: 14 | B20: Affle 3i Ltd | C20: HDFC Sec + Kotak | D20: 45 | E20: 74914 | F20: =IF(AND(D20>0,N(E20)>0),E20/D20,"") -> 1664.7556 | G20: =IFERROR(INDEX(Prices!$C$6:$C$300,MATCH(B20,Prices!$A$6:$A$300,0)),"") -> 1401.4 | H20: =IF(ISNUMBER(G20),D20*G20,0) -> 63063 | I20: =H20-N(E20) -> -11851 | J20: =IF(N(E20)>0,I20/E20,"") -> -0.15819473 | K20: =IF($H$6=0,"",H20/$H$6) -> 0.016262003 | L20: 70560 | M20: =IF(ISNUMBER(L20),L20/D20,"") -> 1568 | N20: =IF(ISNUMBER(L20),H20-L20,"") -> -7497
A21: 15 | B21: Tata Elxsi Ltd | C21: HDFC Sec + Kotak | D21: 20 | E21: 74720 | F21: =IF(AND(D21>0,N(E21)>0),E21/D21,"") -> 3736 | G21: =IFERROR(INDEX(Prices!$C$6:$C$300,MATCH(B21,Prices!$A$6:$A$300,0)),"") -> 2996 | H21: =IF(ISNUMBER(G21),D21*G21,0) -> 59920 | I21: =H21-N(E21) -> -14800 | J21: =IF(N(E21)>0,I21/E21,"") -> -0.19807281 | K21: =IF($H$6=0,"",H21/$H$6) -> 0.01545152 | L21: 67660 | M21: =IF(ISNUMBER(L21),L21/D21,"") -> 3383 | N21: =IF(ISNUMBER(L21),H21-L21,"") -> -7740
A22: 16 | B22: Eicher Motors Ltd | C22: HDFC Sec + Kotak | D22: 8 | E22: 64347 | F22: =IF(AND(D22>0,N(E22)>0),E22/D22,"") -> 8043.375 | G22: =IFERROR(INDEX(Prices!$C$6:$C$300,MATCH(B22,Prices!$A$6:$A$300,0)),"") -> 6767.5 | H22: =IF(ISNUMBER(G22),D22*G22,0) -> 54140 | I22: =H22-N(E22) -> -10207 | J22: =IF(N(E22)>0,I22/E22,"") -> -0.15862433 | K22: =IF($H$6=0,"",H22/$H$6) -> 0.013961036 | L22: 60240 | M22: =IF(ISNUMBER(L22),L22/D22,"") -> 7530 | N22: =IF(ISNUMBER(L22),H22-L22,"") -> -6100
A23: 17 | B23: Trent Ltd | C23: HDFC Sec + Kotak | D23: 18 | E23: 53931 | F23: =IF(AND(D23>0,N(E23)>0),E23/D23,"") -> 2996.1667 | G23: =IFERROR(INDEX(Prices!$C$6:$C$300,MATCH(B23,Prices!$A$6:$A$300,0)),"") -> 2876.3 | H23: =IF(ISNUMBER(G23),D23*G23,0) -> 51773.4 | I23: =H23-N(E23) -> -2157.6 | J23: =IF(N(E23)>0,I23/E23,"") -> -0.040006675 | K23: =IF($H$6=0,"",H23/$H$6) -> 0.013350763 | L23: 50436 | M23: =IF(ISNUMBER(L23),L23/D23,"") -> 2802 | N23: =IF(ISNUMBER(L23),H23-L23,"") -> 1337.4
A24: 18 | B24: NCC Ltd | C24: HDFC Securities | D24: 399 | E24: 70623 | F24: =IF(AND(D24>0,N(E24)>0),E24/D24,"") -> 177 | G24: =IFERROR(INDEX(Prices!$C$6:$C$300,MATCH(B24,Prices!$A$6:$A$300,0)),"") -> 119.93 | H24: =IF(ISNUMBER(G24),D24*G24,0) -> 47852.07 | I24: =H24-N(E24) -> -22770.93 | J24: =IF(N(E24)>0,I24/E24,"") -> -0.32242938 | K24: =IF($H$6=0,"",H24/$H$6) -> 0.012339573 | L24: 56259 | M24: =IF(ISNUMBER(L24),L24/D24,"") -> 141 | N24: =IF(ISNUMBER(L24),H24-L24,"") -> -8406.93
A25: 19 | B25: Avenue Supermarts (DMart) Ltd | C25: HDFC Sec + Kotak | D25: 13 | E25: 51822 | F25: =IF(AND(D25>0,N(E25)>0),E25/D25,"") -> 3986.3077 | G25: =IFERROR(INDEX(Prices!$C$6:$C$300,MATCH(B25,Prices!$A$6:$A$300,0)),"") -> 3585 | H25: =IF(ISNUMBER(G25),D25*G25,0) -> 46605 | I25: =H25-N(E25) -> -5217 | J25: =IF(N(E25)>0,I25/E25,"") -> -0.10067153 | K25: =IF($H$6=0,"",H25/$H$6) -> 0.012017992 | L25: 47944 | M25: =IF(ISNUMBER(L25),L25/D25,"") -> 3688 | N25: =IF(ISNUMBER(L25),H25-L25,"") -> -1339
... A34: 28 | B34: Tata Consultancy Services Ltd | C34: HDFC Sec + Kotak | D34: 13 | E34: 31148 | F34: =IF(AND(D34>0,N(E34)>0),E34/D34,"") -> 2396 | G34: =IFERROR(INDEX(Prices!$C$6:$C$300,MATCH(B34,Prices!$A$6:$A$300,0)),"") -> 2076 | H34: =IF(ISNUMBER(G34),D34*G34,0) -> 26988 | I34: =H34-N(E34) -> -4160 | J34: =IF(N(E34)>0,I34/E34,"") -> -0.13355593 | K34: =IF($H$6=0,"",H34/$H$6) -> 0.0069593728 | L34: 28613 | M34: =IF(ISNUMBER(L34),L34/D34,"") -> 2201 | N34: =IF(ISNUMBER(L34),H34-L34,"") -> -1625
A35: 29 | B35: Gujarat Energy | C35: Kotak Securities | D35: 110 | E35: 43010 | F35: =IF(AND(D35>0,N(E35)>0),E35/D35,"") -> 391 | G35: =IFERROR(INDEX(Prices!$C$6:$C$300,MATCH(B35,Prices!$A$6:$A$300,0)),"") -> 219.86 | H35: =IF(ISNUMBER(G35),D35*G35,0) -> 24184.6 | I35: =H35-N(E35) -> -18825.4 | J35: =IF(N(E35)>0,I35/E35,"") -> -0.43769821 | K35: =IF($H$6=0,"",H35/$H$6) -> 0.0062364624 | L35: 26620 | M35: =IF(ISNUMBER(L35),L35/D35,"") -> 242 | N35: =IF(ISNUMBER(L35),H35-L35,"") -> -2435.4 | O35: Name as on statement
A36: 30 | B36: Astec LifeSciences Ltd | C36: Kotak Securities | D36: 33 | E36: 27093 | F36: =IF(AND(D36>0,N(E36)>0),E36/D36,"") -> 821 | G36: =IFERROR(INDEX(Prices!$C$6:$C$300,MATCH(B36,Prices!$A$6:$A$300,0)),"") -> 714.75 | H36: =IF(ISNUMBER(G36),D36*G36,0) -> 23586.75 | I36: =H36-N(E36) -> -3506.25 | J36: =IF(N(E36)>0,I36/E36,"") -> -0.12941535 | K36: =IF($H$6=0,"",H36/$H$6) -> 0.0060822954 | L36: 23100 | M36: =IF(ISNUMBER(L36),L36/D36,"") -> 700 | N36: =IF(ISNUMBER(L36),H36-L36,"") -> 486.75
A37: 31 | B37: Indraprastha Gas Ltd | C37: Kotak Securities | D37: 166 | E37: 33864 | F37: =IF(AND(D37>0,N(E37)>0),E37/D37,"") -> 204 | G37: =IFERROR(INDEX(Prices!$C$6:$C$300,MATCH(B37,Prices!$A$6:$A$300,0)),"") -> 142.03 | H37: =IF(ISNUMBER(G37),D37*G37,0) -> 23576.98 | I37: =H37-N(E37) -> -10287.02 | J37: =IF(N(E37)>0,I37/E37,"") -> -0.30377451 | K37: =IF($H$6=0,"",H37/$H$6) -> 0.006079776 | L37: 25232 | M37: =IF(ISNUMBER(L37),L37/D37,"") -> 152 | N37: =IF(ISNUMBER(L37),H37-L37,"") -> -1655.02
A38: 32 | B38: RITES Ltd | C38: Kotak Securities | D38: 116 | E38: 29696 | F38: =IF(AND(D38>0,N(E38)>0),E38/D38,"") -> 256 | G38: =IFERROR(INDEX(Prices!$C$6:$C$300,MATCH(B38,Prices!$A$6:$A$300,0)),"") -> 195.85 | H38: =IF(ISNUMBER(G38),D38*G38,0) -> 22718.6 | I38: =H38-N(E38) -> -6977.4 | J38: =IF(N(E38)>0,I38/E38,"") -> -0.23496094 | K38: =IF($H$6=0,"",H38/$H$6) -> 0.0058584263 | L38: 24244 | M38: =IF(ISNUMBER(L38),L38/D38,"") -> 209 | N38: =IF(ISNUMBER(L38),H38-L38,"") -> -1525.4
A39: 33 | B39: Indian Railway Finance Corp Ltd | C39: Kotak Securities | D39: 302 | E39: 48018 | F39: =IF(AND(D39>0,N(E39)>0),E39/D39,"") -> 159 | G39: =IFERROR(INDEX(Prices!$C$6:$C$300,MATCH(B39,Prices!$A$6:$A$300,0)),"") -> 74.3 | H39: =IF(ISNUMBER(G39),D39*G39,0) -> 22438.6 | I39: =H39-N(E39) -> -25579.4 | J39: =IF(N(E39)>0,I39/E39,"") -> -0.5327044 | K39: =IF($H$6=0,"",H39/$H$6) -> 0.0057862229 | L39: 24462 | M39: =IF(ISNUMBER(L39),L39/D39,"") -> 81 | N39: =IF(ISNUMBER(L39),H39-L39,"") -> -2023.4
A40: 34 | B40: NTPC Green Energy Ltd | C40: Kotak Securities | D40: 245 | E40: 27195 | F40: =IF(AND(D40>0,N(E40)>0),E40/D40,"") -> 111 | G40: =IFERROR(INDEX(Prices!$C$6:$C$300,MATCH(B40,Prices!$A$6:$A$300,0)),"") -> 90.8 | H40: =IF(ISNUMBER(G40),D40*G40,0) -> 22246 | I40: =H40-N(E40) -> -4949 | J40: =IF(N(E40)>0,I40/E40,"") -> -0.18198198 | K40: =IF($H$6=0,"",H40/$H$6) -> 0.0057365573 | L40: 21315 | M40: =IF(ISNUMBER(L40),L40/D40,"") -> 87 | N40: =IF(ISNUMBER(L40),H40-L40,"") -> 931
A41: 35 | B41: GFL Ltd | C41: Kotak Securities | D41: 380 | E41: 18620 | F41: =IF(AND(D41>0,N(E41)>0),E41/D41,"") -> 49 | G41: =IFERROR(INDEX(Prices!$C$6:$C$300,MATCH(B41,Prices!$A$6:$A$300,0)),"") -> 54.91 | H41: =IF(ISNUMBER(G41),D41*G41,0) -> 20865.8 | I41: =H41-N(E41) -> 2245.8 | J41: =IF(N(E41)>0,I41/E41,"") -> 0.12061224 | K41: =IF($H$6=0,"",H41/$H$6) -> 0.0053806463 | L41: 22040 | M41: =IF(ISNUMBER(L41),L41/D41,"") -> 58 | N41: =IF(ISNUMBER(L41),H41-L41,"") -> -1174.2
A42: 36 | B42: LTM Ltd (formerly LTIMindtree) | C42: HDFC Sec + Kotak | D42: 5 | E42: 23660 | F42: =IF(AND(D42>0,N(E42)>0),E42/D42,"") -> 4732 | G42: =IFERROR(INDEX(Prices!$C$6:$C$300,MATCH(B42,Prices!$A$6:$A$300,0)),"") -> 3915 | H42: =IF(ISNUMBER(G42),D42*G42,0) -> 19575 | I42: =H42-N(E42) -> -4085 | J42: =IF(N(E42)>0,I42/E42,"") -> -0.17265427 | K42: =IF($H$6=0,"",H42/$H$6) -> 0.0050477888 | L42: 21375 | M42: =IF(ISNUMBER(L42),L42/D42,"") -> 4275 | N42: =IF(ISNUMBER(L42),H42-L42,"") -> -1800 | O42: Shown as LTIMindtree Ltd
A43: 37 | B43: HUDCO Ltd | C43: Kotak Securities | D43: 124 | E43: 28024 | F43: =IF(AND(D43>0,N(E43)>0),E43/D43,"") -> 226 | G43: =IFERROR(INDEX(Prices!$C$6:$C$300,MATCH(B43,Prices!$A$6:$A$300,0)),"") -> 156.99 | H43: =IF(ISNUMBER(G43),D43*G43,0) -> 19466.76 | I43: =H43-N(E43) -> -8557.24 | J43: =IF(N(E43)>0,I43/E43,"") -> -0.30535398 | K43: =IF($H$6=0,"",H43/$H$6) -> 0.005019877 | L43: 21452 | M43: =IF(ISNUMBER(L43),L43/D43,"") -> 173 | N43: =IF(ISNUMBER(L43),H43-L43,"") -> -1985.24
A44: 38 | B44: Brigade Enterprises Ltd | C44: Kotak Securities | D44: 35 | E44: 24710 | F44: =IF(AND(D44>0,N(E44)>0),E44/D44,"") -> 706 | G44: =IFERROR(INDEX(Prices!$C$6:$C$300,MATCH(B44,Prices!$A$6:$A$300,0)),"") -> 547.2 | H44: =IF(ISNUMBER(G44),D44*G44,0) -> 19152 | I44: =H44-N(E44) -> -5558 | J44: =IF(N(E44)>0,I44/E44,"") -> -0.22492918 | K44: =IF($H$6=0,"",H44/$H$6) -> 0.0049387101 | L44: 22365 | M44: =IF(ISNUMBER(L44),L44/D44,"") -> 639 | N44: =IF(ISNUMBER(L44),H44-L44,"") -> -3213
A45: 39 | B45: Waaree Energies Ltd | C45: HDFC Securities | D45: 8 | E45: 14064 | F45: =IF(AND(D45>0,N(E45)>0),E45/D45,"") -> 1758 | G45: =IFERROR(INDEX(Prices!$C$6:$C$300,MATCH(B45,Prices!$A$6:$A$300,0)),"") -> 2317 | H45: =IF(ISNUMBER(G45),D45*G45,0) -> 18536 | I45: =H45-N(E45) -> 4472 | J45: =IF(N(E45)>0,I45/E45,"") -> 0.31797497 | K45: =IF($H$6=0,"",H45/$H$6) -> 0.0047798627 | L45: 21000 | M45: =IF(ISNUMBER(L45),L45/D45,"") -> 2625 | N45: =IF(ISNUMBER(L45),H45-L45,"") -> -2464
A46: 40 | B46: Syngene International Ltd | C46: Kotak Securities | D46: 51 | E46: 30804 | F46: =IF(AND(D46>0,N(E46)>0),E46/D46,"") -> 604 | G46: =IFERROR(INDEX(Prices!$C$6:$C$300,MATCH(B46,Prices!$A$6:$A$300,0)),"") -> 346 | H46: =IF(ISNUMBER(G46),D46*G46,0) -> 17646 | I46: =H46-N(E46) -> -13158 | J46: =IF(N(E46)>0,I46/E46,"") -> -0.42715232 | K46: =IF($H$6=0,"",H46/$H$6) -> 0.0045503592 | L46: 19533 | M46: =IF(ISNUMBER(L46),L46/D46,"") -> 383 | N46: =IF(ISNUMBER(L46),H46-L46,"") -> -1887
A47: 41 | B47: Ambuja Cements Ltd | C47: Kotak Securities | D47: 49 | E47: 25823 | F47: =IF(AND(D47>0,N(E47)>0),E47/D47,"") -> 527 | G47: =IFERROR(INDEX(Prices!$C$6:$C$300,MATCH(B47,Prices!$A$6:$A$300,0)),"") -> 341 | H47: =IF(ISNUMBER(G47),D47*G47,0) -> 16709 | I47: =H47-N(E47) -> -9114 | J47: =IF(N(E47)>0,I47/E47,"") -> -0.35294118 | K47: =IF($H$6=0,"",H47/$H$6) -> 0.0043087358 | L47: 19208 | M47: =IF(ISNUMBER(L47),L47/D47,"") -> 392 | N47: =IF(ISNUMBER(L47),H47-L47,"") -> -2499
A48: 42 | B48: Vinyl Chemicals (India) Ltd | C48: HDFC Securities | D48: 78 | E48: 30030 | F48: =IF(AND(D48>0,N(E48)>0),E48/D48,"") -> 385 | G48: =IFERROR(INDEX(Prices!$C$6:$C$300,MATCH(B48,Prices!$A$6:$A$300,0)),"") -> 209.8 | H48: =IF(ISNUMBER(G48),D48*G48,0) -> 16364.4 | I48: =H48-N(E48) -> -13665.6 | J48: =IF(N(E48)>0,I48/E48,"") -> -0.45506494 | K48: =IF($H$6=0,"",H48/$H$6) -> 0.0042198741 | L48: 17160 | M48: =IF(ISNUMBER(L48),L48/D48,"") -> 220 | N48: =IF(ISNUMBER(L48),H48-L48,"") -> -795.6
A49: 43 | B49: Sonata Software Ltd | C49: Kotak Securities | D49: 67 | E49: 28140 | F49: =IF(AND(D49>0,N(E49)>0),E49/D49,"") -> 420 | G49: =IFERROR(INDEX(Prices!$C$6:$C$300,MATCH(B49,Prices!$A$6:$A$300,0)),"") -> 240.9 | H49: =IF(ISNUMBER(G49),D49*G49,0) -> 16140.3 | I49: =H49-N(E49) -> -11999.7 | J49: =IF(N(E49)>0,I49/E49,"") -> -0.42642857 | K49: =IF($H$6=0,"",H49/$H$6) -> 0.0041620856 | L49: 17822 | M49: =IF(ISNUMBER(L49),L49/D49,"") -> 266 | N49: =IF(ISNUMBER(L49),H49-L49,"") -> -1681.7
A50: 44 | B50: REC Ltd | C50: Kotak Securities | D50: 54 | E50: 27540 | F50: =IF(AND(D50>0,N(E50)>0),E50/D50,"") -> 510 | G50: =IFERROR(INDEX(Prices!$C$6:$C$300,MATCH(B50,Prices!$A$6:$A$300,0)),"") -> 295 | H50: =IF(ISNUMBER(G50),D50*G50,0) -> 15930 | I50: =H50-N(E50) -> -11610 | J50: =IF(N(E50)>0,I50/E50,"") -> -0.42156863 | K50: =IF($H$6=0,"",H50/$H$6) -> 0.0041078557 | L50: 16902 | M50: =IF(ISNUMBER(L50),L50/D50,"") -> 313 | N50: =IF(ISNUMBER(L50),H50-L50,"") -> -972
A51: 45 | B51: JK Tyre & Industries Ltd | C51: Kotak Securities | D51: 48 | E51: 19392 | F51: =IF(AND(D51>0,N(E51)>0),E51/D51,"") -> 404 | G51: =IFERROR(INDEX(Prices!$C$6:$C$300,MATCH(B51,Prices!$A$6:$A$300,0)),"") -> 330.25 | H51: =IF(ISNUMBER(G51),D51*G51,0) -> 15852 | I51: =H51-N(E51) -> -3540 | J51: =IF(N(E51)>0,I51/E51,"") -> -0.1825495 | K51: =IF($H$6=0,"",H51/$H$6) -> 0.0040877419 | L51: 16992 | M51: =IF(ISNUMBER(L51),L51/D51,"") -> 354 | N51: =IF(ISNUMBER(L51),H51-L51,"") -> -1140
A52: 46 | B52: Indian Energy Exchange Ltd | C52: Kotak Securities | D52: 150 | E52: 24000 | F52: =IF(AND(D52>0,N(E52)>0),E52/D52,"") -> 160 | G52: =IFERROR(INDEX(Prices!$C$6:$C$300,MATCH(B52,Prices!$A$6:$A$300,0)),"") -> 103.75 | H52: =IF(ISNUMBER(G52),D52*G52,0) -> 15562.5 | I52: =H52-N(E52) -> -8437.5 | J52: =IF(N(E52)>0,I52/E52,"") -> -0.3515625 | K52: =IF($H$6=0,"",H52/$H$6) -> 0.0040130888 | L52: 17100 | M52: =IF(ISNUMBER(L52),L52/D52,"") -> 114 | N52: =IF(ISNUMBER(L52),H52-L52,"") -> -1537.5
A53: 47 | B53: Shakti Pumps (India) Ltd | C53: Kotak Securities | D53: 33 | E53: 17886 | F53: =IF(AND(D53>0,N(E53)>0),E53/D53,"") -> 542 | G53: =IFERROR(INDEX(Prices!$C$6:$C$300,MATCH(B53,Prices!$A$6:$A$300,0)),"") -> 426.65 | H53: =IF(ISNUMBER(G53),D53*G53,0) -> 14079.45 | I53: =H53-N(E53) -> -3806.55 | J53: =IF(N(E53)>0,I53/E53,"") -> -0.21282288 | K53: =IF($H$6=0,"",H53/$H$6) -> 0.0036306559 | L53: 16302 | M53: =IF(ISNUMBER(L53),L53/D53,"") -> 494 | N53: =IF(ISNUMBER(L53),H53-L53,"") -> -2222.55
A54: 48 | B54: Ashoka Buildcon Ltd | C54: Kotak Securities | D54: 132 | E54: 23496 | F54: =IF(AND(D54>0,N(E54)>0),E54/D54,"") -> 178 | G54: =IFERROR(INDEX(Prices!$C$6:$C$300,MATCH(B54,Prices!$A$6:$A$300,0)),"") -> 101.4 | H54: =IF(ISNUMBER(G54),D54*G54,0) -> 13384.8 | I54: =H54-N(E54) -> -10111.2 | J54: =IF(N(E54)>0,I54/E54,"") -> -0.43033708 | K54: =IF($H$6=0,"",H54/$H$6) -> 0.0034515271 | L54: 15048 | M54: =IF(ISNUMBER(L54),L54/D54,"") -> 114 | N54: =IF(ISNUMBER(L54),H54-L54,"") -> -1663.2
... A58: 52 | B58: Orient Cement Ltd | C58: Kotak Securities | D58: 20 | E58: 6320 | F58: =IF(AND(D58>0,N(E58)>0),E58/D58,"") -> 316 | G58: =IFERROR(INDEX(Prices!$C$6:$C$300,MATCH(B58,Prices!$A$6:$A$300,0)),"") -> 110.08 | H58: =IF(ISNUMBER(G58),D58*G58,0) -> 2201.6 | I58: =H58-N(E58) -> -4118.4 | J58: =IF(N(E58)>0,I58/E58,"") -> -0.65164557 | K58: =IF($H$6=0,"",H58/$H$6) -> 0.00056772474 | L58: 2520 | M58: =IF(ISNUMBER(L58),L58/D58,"") -> 126 | N58: =IF(ISNUMBER(L58),H58-L58,"") -> -318.4
A59: 53 | B59: Utkarsh SFB – Rights Entitlement | C59: HDFC Securities | D59: 344 | E59: 0 | F59: =IF(AND(D59>0,N(E59)>0),E59/D59,"") | G59: =IFERROR(INDEX(Prices!$C$6:$C$300,MATCH(B59,Prices!$A$6:$A$300,0)),"") -> 4 | H59: =IF(ISNUMBER(G59),D59*G59,0) -> 1376 | I59: =H59-N(E59) -> 1376 | J59: =IF(N(E59)>0,I59/E59,"") | K59: =IF($H$6=0,"",H59/$H$6) -> 0.00035482796 | L59: 1376 | M59: =IF(ISNUMBER(L59),L59/D59,"") -> 4 | N59: =IF(ISNUMBER(L59),H59-L59,"") -> 0 | O59: Rights entitlement – nil cost

Sheet _state
A1: {"built": "09.10.2026", "close_date": "08.10.2026", "prev_date": "07.10.2026", "closes": {"Bajaj Finance Ltd": [955.95, 963.85], "Titan Company Ltd": [4359.5, 4377], "Poonawalla Fincorp Ltd": [437.9, 448.9], "HDFC Bank Ltd": [692.25, 702.75], "HCL Technologies Ltd": [1176.9, 1185], "Bajaj Housing Finance Ltd": [82.14, 84.08], "LTM Ltd (formerly LTIMindtree)": [3915, 3930], "Affle 3i Ltd": [1401.4, 1436], "L&T Technology Services Ltd": [3176.6, 3252.1], "Fineotex Chemical Ltd": [55.99, 57.8], "AFCOM Holdings Ltd": [1432.05, 1499.4], "Connplex Cinemas Ltd": [245, 256.65], "Vinati Organics Ltd": [1120.8, 1142.3], "Persistent Systems Ltd": [5468, 5507], "Tata Consultancy Services Ltd": [2076, 2080.3], "Tata Elxsi Ltd": [2996, 3082.5], "Trent Ltd": [2876.3, 2890.3], "Avenue Supermarts (DMart) Ltd": [3585, 3636], "Nestle India Ltd": [1319, 1324], "Eicher Motors Ltd": [6767.5, 6960], "InterGlobe Aviation Ltd (IndiGo)": [4813.1, 4990], "Waaree Energies Ltd": [2317, 2401], "Rategain Travel Technologies Ltd": [830.95, 854.55], "International Gemmological Institute (India) Ltd": [307.05, 317.05], "Shriram Properties Ltd": [65.8, 68.05], "Bagmane Prime Office REIT": [106.52, 106.62], "Bharti Airtel Ltd": [1804.6, 1833.9], "Orient Electric Ltd": [162.95, 160.73], "Reliance Industries Ltd": [1178, 1207.7], "Jio Financial Services Ltd": [211, 216.44], "NCC Ltd": [119.93, 126.88], "Capacite Infraprojects Ltd": [177.19, 181.72], "Indus Towers Ltd": [373, 385.05], "Vedanta Power (VEDPOWER)": [31.89, 32.42], "Moschip Technologies Ltd": [186.71, 195.2], "Godrej Consumer Products Ltd": [865, 865.55], "Vedant Fashions (Manyavar) Ltd": [489.9, 500.2], "Indian Railway Finance Corp Ltd": [74.3, 76.15], "RITES Ltd": [195.85, 200.74], "Indraprastha Gas Ltd": [142.03, 146.35], "Great Eastern Shipping Co Ltd": [1529.7, 1567.9], "HUDCO Ltd": [156.99, 161.79], "NTPC Green Energy Ltd": [90.8, 88.51], "Brigade Enterprises Ltd": [547.2, 554.2], "GFL Ltd": [54.91, 57.83], "Sonata Software Ltd": [240.9, 248.1], "Syngene International Ltd": [346, 360.3], "Ambuja Cements Ltd": [341, 356.9], "Astec LifeSciences Ltd": [714.75, 748.2], "Gujarat Energy": [219.86, 228.48], "Indian Energy Exchange Ltd": [103.75, 105.85], "Vinyl Chemicals (India) Ltd": [209.8, 215.53], "JK Tyre & Industries Ltd": [330.25, 333.4], "REC Ltd": [295, 298.9], "Shakti Pumps (India) Ltd": [426.65, 447.4], "Ashoka Buildcon Ltd": [101.4, 104.03], "Cyient Ltd": [1084.7, 1115], "Utkarsh Small Finance Bank Ltd": [13.64, 13.98], "Orient Cement Ltd": [110.08, 113.21]}, "screener_urls": {"Bajaj Finance Ltd": "/company/BAJFINANCE/consolidated/", "Titan Company Ltd": "/company/TITAN/consolidated/", "Poonawalla Fincorp Ltd": "/company/POONAWALLA/consolidated/", "HDFC Bank Ltd": "/company/HDFCBANK/consolidated/", "HCL Technologies Ltd": "/company/HCLTECH/consolidated/", "Bajaj Housing Finance Ltd": "/company/BAJAJHFL/", "LTM Ltd (formerly LTIMindtree)": "/company/LTM/", "Affle 3i Ltd": "/company/AFFLE/consolidated/", "L&T Technology Services Ltd": "/company/LTTS/consolidated/", "Fineotex Chemical Ltd": "/company/FCL/consolidated/", "AFCOM Holdings Ltd": "/company/544224/", "Connplex Cinemas Ltd": "/company/CONNPLEX/", "Vinati Organics Ltd": "/company/VINATIORGA/", "Persistent Systems Ltd": "/company/PERSISTENT/consolidated/", "Tata Consultancy Services Ltd": "/company/TCS/consolidated/", "Tata Elxsi Ltd": "/company/TATAELXSI/", "Trent Ltd": "/company/TRENT/consolidated/", "Avenue Supermarts (DMart) Ltd": "/company/DMART/consolidated/", "Nestle India Ltd": "/company/NESTLEIND/", "Eicher Motors Ltd": "/company/EICHERMOT/consolidated/", "InterGlobe Aviation Ltd (IndiGo)": "/company/INDIGO/", "Waaree Energies Ltd": "/company/WAAREEENER/consolidated/", "Rategain Travel Technologies Ltd": "/company/RATEGAIN/consolidated/", "International Gemmological Institute (India) Ltd": "/company/IGIL/", "Shriram Properties Ltd": "/company/SHRIRAMPPS/consolidated/", "Bagmane Prime Office REIT": "/company/BAGMANE/consolidated/", "Bharti Airtel Ltd": "/company/BHARTIARTL/consolidated/", "Orient Electric Ltd": "/company/ORIENTELEC/", "Reliance Industries Ltd": "/company/RELIANCE/", "Jio Financial Services Ltd": "/company/JIOFIN/", "NCC Ltd": "/company/NCC/", "Capacite Infraprojects Ltd": "/company/CAPACITE/", "Indus Towers Ltd": "/company/INDUSTOWER/", "Vedanta Power (VEDPOWER)": "/company/VEDPOWER/consolidated/", "Moschip Technologies Ltd": "/company/MOSCHIP/", "Godrej Consumer Products Ltd": "/company/GODREJCP/", "Vedant Fashions (Manyavar) Ltd": "/company/MANYAVAR/", "Indian Railway Finance Corp Ltd": "/company/IRFC/", "RITES Ltd": "/company/RITES/", "Indraprastha Gas Ltd": "/company/IGL/", "Great Eastern Shipping Co Ltd": "/company/GESHIP/", "HUDCO Ltd": "/company/HUDCO/", "NTPC Green Energy Ltd": "/company/NTPCGREEN/", "Brigade Enterprises Ltd": "/company/BRIGADE/", "GFL Ltd": "/company/GFLLIMITED/", "Sonata Software Ltd": "/company/SONATSOFTW/", "Syngene International Ltd": "/company/SYNGENE/", "Ambuja Cements Ltd": "/company/AMBUJACEM/", "Astec LifeSciences Ltd": "/company/ASTEC/", "Gujarat Energy": "/company/GUJENERGY/consolidated/", "Indian Energy Exchange Ltd": "/company/IEX/", "Vinyl Chemicals (India) Ltd": "/company/VINYLINDIA/", "JK Tyre & Industries Ltd": "/company/JKTYRE/", "REC Ltd": "/company/RECLTD/", "Shakti Pumps (India) Ltd": "/company/SHAKTIPUMP/", "Ashoka Buildcon Ltd": "/company/ASHOKA/", "Cyient Ltd": "/company/CYIENT/", "Utkarsh Small Finance Bank Ltd": "/company/UTKARSHBNK/", "Orient Cement Ltd": "/company/ORIENTCEM/"}, "notes": ["No exchange close for the 4 ETFs (Nifty 50 BeES, Gold BeES, Liquid BeES, HDFC Gold ETF), the Utkarsh SFB rights entitlement, NEPC Agro and PSL Ltd – these stay at statement price (Liquid BeES holds near ₹1,000).", "Gautam: NEPC Agro Foods (144 sh) and PSL Ltd (1,000 sh) have no cost or price on the statement – shown with quantity, carried at nil value.", "Names aligned across statements: LTM Ltd = LTIMindtree (DA); Connplex Cinemas = Connplex Smart Theatres (DA); AFCOM = Afcom Holdings.", "Trades blended into holdings and listed on each tab: Vidushi 05.10.2026 (3 buys, ₹9,889); Dr Umesh 09.10.2026 (13 buys, ₹5.01 L, incl. new Eicher Motors and Rategain).", "Dr Umesh holds ₹36,000 uninvested cash at ICICI Direct – row 'Cash – ICICI Direct' at ₹1 per unit, counted in totals but not as a holding.", "Statement invested/market totals reconcile to transcribed rows within ₹2 (rupee rounding on the statements)."], "portfolios": [{"key": "Vidushi", "tab": "Vidushi Malhotra", "name": "Vidushi Malhotra", "broker": "Zerodha", "holdings_date": "04.10.2026 (+ trades of 05.10.2026)", "price_basis": "LTP 05.10.2026", "stmt_invested": 201361, "stmt_mv": 230319, "basis_label": "Vidushi stmt – LTP 05.10", "stale_prices": false, "rows": [["Bajaj Finance Ltd", "Zerodha", 121, 92928, 117842, ""], ["Titan Company Ltd", "Zerodha", 9, 28441, 41130, ""], ["Poonawalla Fincorp Ltd", "Zerodha", 38, 17192, 17123, ""], ["HDFC Bank Ltd", "Zerodha", 21, 16598, 14863, ""], ["HCL Technologies Ltd", "Zerodha", 9, 10284, 10815, ""], ["Bajaj Housing Finance Ltd", "Zerodha", 121, 13968, 9898, ""], ["LTM Ltd (formerly LTIMindtree)", "Zerodha", 2, 10198, 7972, ""], ["Affle 3i Ltd", "Zerodha", 3, 4954, 4370, ""], ["L&T Technology Services Ltd", "Zerodha", 1, 4607, 3219, ""], ["Fineotex Chemical Ltd", "Zerodha", 50, 1877, 2711, ""], ["Nippon India ETF Nifty 50 BeES", "Zerodha", 1, 251, 257, ""], ["Nippon India ETF Gold BeES", "Zerodha", 1, 63, 121, ""]], "trades_title": "Trades executed 05.10.2026 (already blended into Wtd Avg Cost)", "trades": [["2026-10-05 12:46:57", "BUY", "Poonawalla Fincorp Ltd", 8, 451, 3606], ["2026-10-05 12:46:33", "BUY", "HDFC Bank Ltd", 2, 707, 1414], ["2026-10-05 12:46:00", "BUY", "Bajaj Finance Ltd", 5, 974, 4869]]}, {"key": "Umesh", "tab": "Dr Umesh Choudhry", "name": "Dr Umesh Choudhry", "broker": "ICICI Direct", "holdings_date": "04.10.2026 + trades of 09.10.2026", "price_basis": "NSE live 09.10.2026 ~09:45 IST", "stmt_invested": 5222229.03, "stmt_mv": 5467267.23, "basis_label": "Umesh stmt – NSE live 09.10", "stale_prices": false, "rows": [["Bajaj Finance Ltd", "ICICI Direct", 2412, 1930286, 2318776, ""], ["Titan Company Ltd", "ICICI Direct", 172, 617467, 751984, ""], ["HDFC Bank Ltd", "ICICI Direct", 673, 599414, 472547, ""], ["AFCOM Holdings Ltd", "ICICI Direct", 240, 203179, 342000, "SME"], ["Poonawalla Fincorp Ltd", "ICICI Direct", 769, 346990, 340513, ""], ["Connplex Cinemas Ltd", "ICICI Direct", 800, 183992, 196000, "SME"], ["Bajaj Housing Finance Ltd", "ICICI Direct", 2198, 255800, 180698, ""], ["LTM Ltd (formerly LTIMindtree)", "ICICI Direct", 37, 216602, 149365, "Shown as LTM Limited"], ["Fineotex Chemical Ltd", "ICICI Direct", 2370, 94397, 133502, ""], ["L&T Technology Services Ltd", "ICICI Direct", 32, 151039, 102480, ""], ["Persistent Systems Ltd", "ICICI Direct", 17, 86733, 95634, ""], ["Vinati Organics Ltd", "ICICI Direct", 82, 160741, 92480, ""], ["Tata Elxsi Ltd", "ICICI Direct", 22, 86278, 67571, ""], ["Affle 3i Ltd", "ICICI Direct", 47, 72448, 66876, ""], ["Tata Consultancy Services Ltd", "ICICI Direct", 29, 122603, 63165, ""], ["Eicher Motors Ltd", "ICICI Direct", 3, 20717, 20805, "New position 09.10.2026"], ["Trent Ltd", "ICICI Direct", 5, 14549, 14550, ""], ["Avenue Supermarts (DMart) Ltd", "ICICI Direct", 4, 14740, 14270, ""], ["Rategain Travel Technologies Ltd", "ICICI Direct", 8, 6760, 6727, "New position 09.10.2026"], ["Nestle India Ltd", "ICICI Direct", 1, 1494, 1325, ""], ["Cash – ICICI Direct", "ICICI Direct", 36000, 36000, 36000, "Uninvested cash, valued at ₹1 per unit"]], "trades_title": "Buys on 09.10.2026 (derived: statement 09.10 minus 04.10; already blended into Wtd Avg Cost)", "trades": [["09.10.2026", "BUY", "Bajaj Finance Ltd", 237, 962.39, 228087], ["09.10.2026", "BUY", "Poonawalla Fincorp Ltd", 176, 442.07, 77804], ["09.10.2026", "BUY", "HDFC Bank Ltd", 55, 701.55, 38585], ["09.10.2026", "BUY", "Titan Company Ltd", 6, 4375.0, 26250], ["09.10.2026", "BUY", "Bajaj Housing Finance Ltd", 280, 82.46, 23089], ["09.10.2026", "BUY", "Persistent Systems Ltd", 4, 5588.0, 22352], ["09.10.2026", "BUY", "Tata Elxsi Ltd", 7, 3081.0, 21567], ["09.10.2026", "BUY", "Eicher Motors Ltd", 3, 6905.67, 20717], ["09.10.2026", "BUY", "Avenue Supermarts (DMart) Ltd", 3, 3560.33, 10681], ["09.10.2026", "BUY", "Affle 3i Ltd", 7, 1415.0, 9905], ["09.10.2026", "BUY", "Trent Ltd", 3, 2885.0, 8655], ["09.10.2026", "BUY", "Rategain Travel Technologies Ltd", 8, 845.0, 6760], ["09.10.2026", "BUY", "L&T Technology Services Ltd", 2, 3185.0, 6370]]}, {"key": "Gautam", "tab": "Gautam", "name": "Gautam", "broker": "HDFC Securities", "holdings_date": "05.10.2026", "price_basis": "05.10.2026", "stmt_invested": 5000484.73, "stmt_mv": 4762080, "basis_label": "Gautam stmt – 05.10", "stale_prices": false, "rows": [["Bajaj Finance Ltd", "HDFC Securities", 1664, 1691323, 1632384, ""], ["Poonawalla Fincorp Ltd", "HDFC Securities", 1001, 470470, 443443, ""], ["Nippon India ETF Nifty 1D Rate Liquid BeES", "HDFC Securities", 300, 300000, 300000, ""], ["HDFC Bank Ltd", "HDFC Securities", 390, 280566, 275730, ""], ["LTM Ltd (formerly LTIMindtree)", "HDFC Securities", 60, 273840, 240420, "Shown as LTM Limited"], ["Connplex Cinemas Ltd", "HDFC Securities", 800, 211200, 196800, ""], ["Tata Consultancy Services Ltd", "HDFC Securities", 92, 210588, 194672, ""], ["Titan Company Ltd", "HDFC Securities", 41, 197804, 185156, ""], ["AFCOM Holdings Ltd", "HDFC Securities", 120, 199920, 177720, "Shown as AFCOM"], ["Eicher Motors Ltd", "HDFC Securities", 17, 126249, 117640, ""], ["Bajaj Housing Finance Ltd", "HDFC Securities", 1326, 110708, 109528, ""], ["Tata Elxsi Ltd", "HDFC Securities", 34, 113506, 105740, ""], ["InterGlobe Aviation Ltd (IndiGo)", "HDFC Securities", 20, 103860, 98600, ""], ["Persistent Systems Ltd", "HDFC Securities", 16, 88018, 88704, ""], ["Affle 3i Ltd", "HDFC Securities", 58, 95198, 84100, ""], ["L&T Technology Services Ltd", "HDFC Securities", 25, 84761, 81700, ""], ["Avenue Supermarts (DMart) Ltd", "HDFC Securities", 21, 80409, 80073, ""], ["Trent Ltd", "HDFC Securities", 28, 77644, 72240, ""], ["Waaree Energies Ltd", "HDFC Securities", 24, 61261, 56160, ""], ["Rategain Travel Technologies Ltd", "HDFC Securities", 63, 52533, 52983, ""], ["Fineotex Chemical Ltd", "HDFC Securities", 692, 39486, 38544, ""], ["Nestle India Ltd", "HDFC Securities", 22, 27683, 28776, ""], ["International Gemmological Institute (India) Ltd", "HDFC Securities", 80, 25126, 25120, ""], ["Shriram Properties Ltd", "HDFC Securities", 250, 19250, 16850, ""], ["Bagmane Prime Office REIT", "HDFC Securities", 150, 16050, 16050, ""], ["Nippon India ETF Gold BeES", "HDFC Securities", 121, 13310, 14883, ""], ["Vinati Organics Ltd", "HDFC Securities", 10, 11941, 12080, ""], ["Bharti Airtel Ltd", "HDFC Securities", 5, 9610, 8705, ""], ["Orient Electric Ltd", "HDFC Securities", 25, 4500, 3850, ""], ["HDFC Gold ETF", "HDFC Securities", 27, 3672, 3429, ""], ["NEPC Agro Foods Ltd", "HDFC Securities", 144, null, null, "No cost or price on statement (marked *) – carried at nil"], ["PSL Ltd (formerly PSL Holdings Ltd)", "HDFC Securities", 1000, null, null, "No cost or price on statement (marked *) – carried at nil"]]}, {"key": "DA", "tab": "DA", "name": "DA", "broker": "HDFC Securities + Kotak Securities", "holdings_date": "Post 12.09.2026 trades (file dated 04.10.2026)", "price_basis": "As on statement (date not printed)", "stmt_invested": 4364995, "stmt_mv": 4141021, "basis_label": "DA stmt – older", "stale_prices": true, "rows": [["Bajaj Finance Ltd", "HDFC Sec + Kotak", 915, 964117, 946110, ""], ["Poonawalla Fincorp Ltd", "HDFC Sec + Kotak", 792, 376533, 352440, ""], ["Titan Company Ltd", "HDFC Sec + Kotak", 59, 260113, 295590, ""], ["HDFC Bank Ltd", "HDFC Sec + Kotak", 337, 250961, 238596, ""], ["Reliance Industries Ltd", "HDFC Securities", 146, 198998, 183668, ""], ["AFCOM Holdings Ltd", "Kotak Securities", 120, 169080, 184800, "Shown as Afcom Holdings Ltd"], ["Connplex Cinemas Ltd", "Kotak Securities", 800, 180000, 212000, "Shown as Connplex Smart Theatres Ltd"], ["Bajaj Housing Finance Ltd", "HDFC Sec + Kotak", 1732, 172732, 145488, ""], ["Persistent Systems Ltd", "HDFC Sec + Kotak", 18, 91873, 99288, ""], ["Jio Financial Services Ltd", "HDFC Securities", 374, 94996, 86020, ""], ["Fineotex Chemical Ltd", "HDFC Securities", 2030, 69020, 117131, ""], ["L&T Technology Services Ltd", "HDFC Sec + Kotak", 24, 85824, 80088, ""], ["Affle 3i Ltd", "HDFC Sec + Kotak", 45, 74914, 70560, ""], ["Nestle India Ltd", "Kotak Securities", 52, 65780, 71916, ""], ["Tata Elxsi Ltd", "HDFC Sec + Kotak", 20, 74720, 67660, ""], ["Eicher Motors Ltd", "HDFC Sec + Kotak", 8, 64347, 60240, ""], ["NCC Ltd", "HDFC Securities", 399, 70623, 56259, ""], ["Trent Ltd", "HDFC Sec + Kotak", 18, 53931, 50436, ""], ["Avenue Supermarts (DMart) Ltd", "HDFC Sec + Kotak", 13, 51822, 47944, ""], ["Capacite Infraprojects Ltd", "HDFC Securities", 230, 64400, 44160, ""], ["HCL Technologies Ltd", "Kotak Securities", 33, 47223, 39798, ""], ["Indus Towers Ltd", "Kotak Securities", 111, 45510, 43068, ""], ["Vedanta Power (VEDPOWER)", "Kotak Securities", 1072, 46096, 36448, ""], ["Moschip Technologies Ltd", "Kotak Securities", 187, 41888, 39270, ""], ["Godrej Consumer Products Ltd", "HDFC Securities", 40, 41520, 34600, ""], ["Vedant Fashions (Manyavar) Ltd", "HDFC Securities", 66, 43428, 38412, ""], ["Tata Consultancy Services Ltd", "HDFC Sec + Kotak", 13, 31148, 28613, ""], ["Indian Railway Finance Corp Ltd", "Kotak Securities", 302, 48018, 24462, ""], ["RITES Ltd", "Kotak Securities", 116, 29696, 24244, ""], ["Indraprastha Gas Ltd", "Kotak Securities", 166, 33864, 25232, ""], ["Great Eastern Shipping Co Ltd", "HDFC Sec + Kotak", 19, 26923, 26828, ""], ["HUDCO Ltd", "Kotak Securities", 124, 28024, 21452, ""], ["LTM Ltd (formerly LTIMindtree)", "HDFC Sec + Kotak", 5, 23660, 21375, "Shown as LTIMindtree Ltd"], ["NTPC Green Energy Ltd", "Kotak Securities", 245, 27195, 21315, ""], ["Brigade Enterprises Ltd", "Kotak Securities", 35, 24710, 22365, ""], ["Waaree Energies Ltd", "HDFC Securities", 8, 14064, 21000, ""], ["GFL Ltd", "Kotak Securities", 380, 18620, 22040, ""], ["Sonata Software Ltd", "Kotak Securities", 67, 28140, 17822, ""], ["Syngene International Ltd", "Kotak Securities", 51, 30804, 19533, ""], ["Ambuja Cements Ltd", "Kotak Securities", 49, 25823, 19208, ""], ["Astec LifeSciences Ltd", "Kotak Securities", 33, 27093, 23100, ""], ["Gujarat Energy", "Kotak Securities", 110, 43010, 26620, "Name as on statement"], ["Indian Energy Exchange Ltd", "Kotak Securities", 150, 24000, 17100, ""], ["Vinyl Chemicals (India) Ltd", "HDFC Securities", 78, 30030, 17160, ""], ["JK Tyre & Industries Ltd", "Kotak Securities", 48, 19392, 16992, ""], ["REC Ltd", "Kotak Securities", 54, 27540, 16902, ""], ["Shakti Pumps (India) Ltd", "Kotak Securities", 33, 17886, 16302, ""], ["Ashoka Buildcon Ltd", "Kotak Securities", 132, 23496, 15048, ""], ["HDFC Gold ETF", "HDFC Securities", 99, 12177, 12771, ""], ["Cyient Ltd", "Kotak Securities", 9, 12114, 9531, ""], ["Utkarsh Small Finance Bank Ltd", "HDFC Securities", 560, 30800, 8120, ""], ["Orient Cement Ltd", "Kotak Securities", 20, 6320, 2520, ""], ["Utkarsh SFB – Rights Entitlement", "HDFC Securities", 344, 0, 1376, "Rights entitlement – nil cost"]]}]}
